previous_referrals_count,behavioral_reports_count,concern_type_encoded,days_since_last_referral,referral_reason,risk_level
3,0,2,237,"brief chat about time management, please advise",low
0,0,0,999,"adviser says appears exhausted and disengaged, please adivse",low
3,1,1,25,asked for study tips before midterms,moderate
1,0,4,16,talked back to me during class (referred by adviser),moderate
3,2,6,2,adviser says grades have been dropping steadily today,high
1,0,0,31,"per my observation, wants to know about college applications",low
0,2,3,999,adviser says appears exhausted and disengaged - needs follow up,moderate
3,1,4,63,missed several classes this month todya,moderate
3,1,6,51,keeps using phone despite reminders - needs follow up,high
1,1,4,85,talked back to me during class today,moderate
0,0,1,999,"note: avioding classmates during activities, please advise",low
3,0,1,107,"per my observation, checking in for well-being",low
1,0,4,23,,low
0,0,1,999,,moderate
0,1,6,999,"reported that the student seems a little quiet lately, nothing alarming.",low
1,0,6,1,chronic truancy despite repeated warnings.,high
3,1,6,2,for guidance,high
2,3,1,16,reported that the student multiple behavioral incidents reported this month (referred by adviser),high
1,1,5,8,avoiding classmates during activities,moderate
1,0,4,14,reported that the student showing signs of emotional withdrawal - needs follow up,moderate
0,0,0,999,note: minor misunderstanding with a classmate,low
0,0,1,999,"per my observation, showing sigsn of emotional withdrawal",low
4,0,1,3,"during my class today, frequently late to class (referred by adviser)",high
1,0,2,52,"reported that the student wanted someone to talk to about stress, please advise",low
0,4,6,999,asked for career advice,low
2,0,5,4,"seems withdrawn and unfocused lately, plesae advise",high
3,1,1,3,"note: student seems fine, following up anyway",high
1,0,3,75,plagiarised the entire final paper - needs follow up,high
1,1,1,30,"during my class today, self-harm concerns raised by a classmate",high
2,0,1,53,"note: requested guidance on enrollment, please adivse",low
0,0,0,999,"per my observation, asked for career advice.",low
1,0,4,7,"during my class today, seems withdrawn and unfocused lately (referred by adviser)",high
3,2,4,32,note: checking in for well-being - needs follow up,moderate
2,2,5,146,as discussed,moderate
0,1,6,999,"occasional attendance concern worth noting, please advise",low
0,1,1,999,note: struggling to submit requirements on time,low
2,2,5,37,not participating in group work,moderate
1,0,1,14,adviser says showing signs of emotional withdrawal,moderate
2,0,2,333,parent requested a routine check-in today,low
1,2,3,67,"per my observation, grades have been dropping steadily, please advise",moderate
1,1,0,298,"per my observation, first time observation, nothing serious, please advise",low
0,1,1,999,sometimes disruptive during discussion (referred by adviser),low
3,1,1,1,multiple behavioral incidents reported this month,high
4,0,1,20,"during my class today, talked back to me during class today",high
0,0,6,999,note: struggling to submit requirements on time,low
2,2,1,46,asked about shifting courses.,moderate
1,1,3,69,"appears exhausted and disengaged, please advise",moderate
0,0,6,999,"per my observation, general counseling requested (referred by adviser)",low
3,1,3,36,note: minor argument with a seatmate,high
3,0,2,133,reported that the student has stopped attending and is unreachable - needs follow up,high
1,0,6,26,"during my class today, family issues appear to be affecting grades",moderate
1,0,1,12,"reported that the student keeps using phone despite reminders, please advise",moderate
0,3,1,999,"per my observation, wants to know about college applications",low
0,2,3,999,asked for career advice,moderate
1,1,2,38,"during my class today, minor argument with a seatmate (referred by adviser)",moderate
2,0,5,1,endorsed to guidance office,moderate
1,1,0,93,"reported that the student student seems fine, following up anyway",low
3,0,4,45,frequently late to class (referred by adviser),moderate
3,0,5,24,for guidance,high
1,1,6,335,"during my class today, asked for study tips before midterms, please advise",low
1,3,1,54,grades have been dropping steadily - needs follow up,moderate
1,1,1,31,frequently late to class,moderate
2,0,6,106,as discussed,low
1,2,4,160,reported that the student seems withdrawn and unfocused lately - needs follow up,moderate
1,2,0,7,"during my class today, family issues appear to be affecting grades",high
3,0,0,272,follow up,low
1,0,5,248,asekd about shifting courses - needs follow up,low
0,0,3,999,"during my class today, not participating in group work (referred by adviser)",low
1,1,3,8,note: parent requested a routine check-in (referred by adviser),moderate
2,0,6,41,minor misunderstanding with a classmate,moderate
2,0,1,38,note: requested a tutor for one subject,low
2,2,1,18,adviser says has stopped attending and is unreachable today,high
0,0,4,999,adviser says general counseling requested today,low
6,0,6,5,sometimes disruptive during discussion,high
2,0,1,32,asked for study tips before midterms (referred by adviser),moderate
1,0,4,29,referred,moderate
1,0,1,26,"during my class today, has not attended class in weeks",high
2,0,1,365,reported that the student occasional attendance concern worth noting,moderate
1,2,6,32,"adviser says depressed and isolated, refuses to speak",high
0,0,1,999,note: chronic truancy despite repeaetd warnings (referred by adviser),moderate
2,0,0,57,asked about shifting corses,low
3,1,5,22,adviser says very aggressive behavior toward peers today,high
0,2,2,999,wants to know about college applications.,low
0,0,2,999,note: avoiding classmates during activities (referred by adviser),low
1,1,5,44,"during my class today, appears exhausted and disengaged - needs follow up",high
1,0,1,67,"adviser says wanted someone to talk to about stress, please advies",low
2,0,4,143,grades have been dropping steadily.,moderate
0,2,1,999,reportd that the student wants to know about college applications.,low
3,0,1,64,reported that the student distracted and unprepared for the quiz,moderate
0,2,4,999,reported that the student chronic truancy despite repeated warnings (referred by adviser),moderate
2,0,1,1,"first time observation, nothing serious - needs follow up",moderate
3,3,6,171,asked for study tips before midterms (referred by adviser),moderate
1,0,6,3,"depressed and isolated, refuses to speak (referred by adviser)",high
2,0,5,8,distracted and unprepared for the quiz today,high
0,0,1,999,adviser says needs help organizing their schedule,low
4,1,1,14,"per my observation, wanted someone to talk to about stress",moderate
2,3,6,87,checking in for well-being,moderate
0,1,2,999,"per my observation, verbally abusive toward a classmate",moderate
2,0,5,136,adviser says has stopped attending and is unreachable,high
3,0,5,8,referred,high
1,2,1,6,"caught cheating multiple times, please advise",high
3,0,1,24,"first time observation, nothing serious, please advise",moderate
1,0,4,44,"per my observation, missed several classes this month.",moderate
2,0,3,34,needs help organizing their schedule (referred by adviser),low
0,1,1,999,"per my observation, avoiding classmates during activities.",low
1,1,3,238,note: wanted someone to talk to about stress,low
2,0,5,78,checking in for well-being,moderate
1,0,2,113,adviser says plagiarised the entire final paper,moderate
1,2,1,0,"during my class today, incomplete requirements for two weeks now.",high
0,0,5,999,for guidance,low
0,3,5,999,reported that the stuednt constantly bullying others today,high
0,1,6,999,reported that the student distracted and unprepared for the quiz,low
0,1,1,999,showing signs of emotional withdrawal today,low
0,3,6,999,referred,moderate
2,3,5,127,reported that the student needs help organizing their schedule - needs follow up,moderate
1,0,5,49,reported that the student self-harm concerns raised by a classmate,moderate
2,0,1,88,checking in for well-being,low
0,3,0,999,asked about shifting courses,low
1,0,3,9,checking in for well-being - needs follow up,low
2,0,1,100,"during my class today, curious about scholarship requirements today",low
1,1,1,84,"arrived late three times this week, please advise",moderate
0,2,6,999,note: general counseling requested today,low
1,0,1,62,requested a tutor for one subject,low
1,1,6,0,did not submit the last two assignments - needs follow up,high
7,0,3,172,"per my observation, threatened another student after class - needs follow up",high
3,0,5,4,reported that the student not participating in group work (referred by adviser),high
2,0,1,63,adviser says has not attended class in weeks,high
0,2,4,999,showing signs of emotional withdrawal,moderate
1,1,3,80,"during my class today, grades have been dropping steadily, please advise",high
1,2,6,91,,moderate
1,0,1,7,note: sometimes disruptive during discussion (referred by adviser),moderate
2,0,1,147,"per my observation, depressed and isolated, refuses to speak",high
3,2,6,69,plagiarised the entire final paper,high
4,0,0,27,endorsed to guidance office,moderate
1,0,4,87,"during my class today, vandalized school property",moderate
1,1,0,4,"reported that the student wants to know about college applications, please advise",moderate
2,2,0,92,asked for study tips before midterms.,low
1,0,3,26,incomplete requirements for two weeks now.,moderate
1,0,3,0,"during my class today, verbally abusive toward a classmate",high
1,0,3,48,reported that the student asked for study tips before midterms.,low
6,2,2,60,note: needs help organizing their schedule - needs follow up,high
1,1,5,46,note: arrived late three times this week (referred by adviser),moderate
1,0,6,2,struggling to submit requirements on time - needs follow up,moderate
2,3,1,83,for guidance,moderate
3,1,1,16,"adviser says sometimes disruptive during discussion, plaese advise",moderate
2,3,1,43,"per my observation, fmily issues appear to be affecting grades",high
0,1,5,999,note: needs help organizing their schedule today,low
0,0,1,999,"student seems fine, following up anyway.",low
2,1,4,19,"during my class today, minor argument with a seatmate",high
2,1,2,1,"during my class today, keeps using phone despite reminders, please advise",high
1,1,4,16,incomplete requirements for two weeks now,moderate
1,1,5,11,shouted at the instructor and walked out,high
0,0,3,999,note: incomplete requirements for two weeks now,moderate
0,5,2,999,adviser says requested a tutor for one subject,moderate
2,1,1,17,"per my observation, struggling to submit requirements on time - needs follow up",high
4,1,3,47,"family problems causing severe distress, please advise",high
4,1,1,57,per adviser,moderate
2,0,5,47,as discussed,moderate
2,0,2,242,"during my class today, talked back to me during class",moderate
2,0,1,75,not participating in group work - needs follow up,moderate
1,0,1,214,failing all subjects this semester,moderate
2,0,3,40,constantly bullying others,high
0,0,6,999,note: occasional attendance concern worth noting - needs follow up,moderate
3,1,1,30,incomplete requirements for two weeks now - needs follow up,high
0,1,1,999,"during my class today, asked for study tips before midterms, please advise",low
3,1,2,173,note: asked for study tips before midterms (referred by adviser),moderate
1,1,6,66,as discussed,high
1,1,5,41,brief chat about time management,low
1,1,1,94,adviser says multiple behavioral incidents reported this month (referred by adviser),moderate
2,1,4,20,note: seems withdrawn and unfocused lately - needs follow up,high
0,1,5,999,reported that the student asked for career advice,low
0,1,5,999,"reported that the student multiple behavioral incidents reported this month, please advise",moderate
2,0,2,23,found with a weapon in their bag,high
1,0,5,11,constantly bullying others,high
5,0,3,27,note: plagiarised the entire final paper (referred by adviser),high
0,1,1,999,note: has stopped attending and is unreachable - needs follow up,moderate
0,1,0,999,"during my class today, seems a little quiet lately, nothing alarming",low
3,0,2,208,incomplete requirements for two weeks now,moderate
0,1,0,999,adviser says curious about scholarship requirements (referred by adviser),low
1,0,2,142,grades have been dropping steadily.,moderate
1,1,5,163,found with a weapon in their bag - needs follow up,high
2,0,5,7,"per my observation, grades have been dropping steadily - needs follow up",high
1,0,0,136,keeps using phone despite reminders,low
2,1,0,2,asked for carer advice (referred by adviser),moderate
0,1,4,999,"per my observation, plagiarised the entire final paper.",moderate
0,0,2,999,adviser says appears exhausted and disengaged today,low
4,0,1,0,"note: appears exhausted and disengaged, please advise",high
0,1,5,999,note: avoiding classmates during activities.,moderate
2,1,1,21,follow up,moderate
3,0,0,44,,moderate
1,0,5,46,failing all subjects this semester.,moderate
1,1,4,12,referred,moderate
0,3,2,999,requested a tutor for one subject,moderate
1,1,4,17,adviser says self-harm concerns raised by a classmate.,high
2,0,6,222,note: asked for career advice today,low
1,2,0,23,curious about scholarship requirements today,moderate
0,2,4,999,reported that the student asked for study tips before midterms - needs follow up,low
1,1,1,61,"reported that the student student seems fine, following up anyway - needs follow up",low
0,0,2,999,"reported that the student first time observation, nothing serious (referred by adviser)",low
1,0,2,85,frequently late to class today,moderate
1,1,2,23,reported that the student curious about scholarship requirements.,low
3,1,1,163,referred,moderate
2,0,5,108,family problems causing severe distress,high
2,1,2,93,reported that the student frequently late to class today,moderate
4,1,6,75,"per my observation, seems a little quiet lately, nothing alarming",moderate
2,2,2,29,"seems a little quiet lately, nothing alarming today",moderate
2,0,5,6,asked about shifting courses.,moderate
0,0,3,999,parent requested a routine check-in - needs follow up,low
1,2,2,42,"avoiding classmates during activities, please advise",high
1,0,5,41,adviser says wants to know about college applications,low
0,1,5,999,"adviser says wants to know about college applications, please advise",low
2,2,2,105,follow up,moderate
3,1,2,79,note: occasional attendance concern worth noting,high
1,0,3,16,adviser says punched a classmate in the face during my class,high
4,3,3,77,endorsed to guidance office,high
2,0,2,61,has not attended class in weeks,high
1,1,5,32,note: minor argument with a seatmate (referred by adviser),moderate
0,0,2,999,referred,moderate
1,0,2,33,"seems a little quiet lately, nothing alarming today",low
0,2,4,999,adviser says wants to know about college applications today,low
5,1,6,76,adviser says incomplete requirements for two weeks now today,high
1,0,1,126,"asked for career advice, please advise",low
0,0,1,999,parent requested a routine check-in today,low
2,1,1,119,"per my observation, has stopped attending and is unreachable today",high
0,1,4,999,not participating in group work today,low
0,2,2,999,asked for study tips before midtrms,low
1,1,2,39,"per my observation, requested a tutor for one subject today",low
1,0,1,242,,low
2,1,6,110,"per my observation, threatened another student after class, please advise",moderate
0,0,2,999,note: plagiarised the entire final paper,moderate
1,1,4,36,"per my observation, asked for career advice.",low
3,1,1,61,note: asked about shifting courses.,moderate
0,1,1,999,reported that the student self-harm concerns raised by a classmate (referred by adviser),moderate
1,1,0,23,did not submit the last two assignments,moderate
2,0,2,35,"per my observation, failing all subjects this semester today",high
4,0,2,74,"per my observation, struggling to submit requirements on time, please advise",high
2,1,1,3,note: incomplete requirements for two weeks now,high
1,1,1,132,sometimes disruptive during discussion today,moderate
3,1,0,42,"reported that the student talked back to me during class, please advise",moderate
1,2,2,4,per adviser,high
0,1,1,999,"during my class today, plagiarised the entire final paper, please advise",moderate
2,0,1,165,"per my observation, self-harm concerns raised by a classmate.",moderate
1,0,0,17,"per my observation, keeps using phone despite reminders",moderate
1,2,4,58,general counseling requested - needs follow up,moderate
3,1,6,16,"per my observation, incomplete requirements for two weeks now",high
6,0,4,59,"aksed about shifting courses, please advise",moderate
2,1,0,32,"during my class today, asked for study tips before midterms",low
3,0,6,45,note: general counseling requested.,moderate
2,1,6,109,threatened another student after class,high
0,0,2,999,plagiarised the entire final paper,moderate
0,1,1,999,per adviser,low
3,2,5,2,vey aggressive behavior toward peers,high
3,0,6,102,referred,moderate
4,1,5,191,"during my class today, incomplete requirements for two weeks now (referred by adviser)",high
1,0,4,53,"repeated peer conflict escalation, please advise",moderate
0,2,4,999,checking in for well-being,low
5,0,6,81,adviser says not participating in group work - needs follow up,moderate
0,0,0,999,"per my observation, needs help organizing their schedule",low
1,1,1,8,note: brief chat about time management today,moderate
1,1,5,27,reported that the student avoiding classmates during activities (referred by adviser),high
2,0,1,65,requested a tutor for one subject - needs follow up,low
3,1,2,86,adviser says found with a weapon in their bag.,high
3,0,1,103,requested guidance on enrollment today,low
2,0,1,29,asked for study tips before midterms,low
1,0,0,92,avoiding classmates during activities,low
0,0,3,999,,low
2,1,2,4,checking in for well-being,moderate
2,4,3,0,requested guidance on enrollment.,high
0,0,1,999,general counseling requested.,low
4,0,6,67,adviser says wanted someone to talk to about stress today,moderate
2,1,3,24,reported that the student threatened another student after class - needs follow up,high
1,0,6,35,"during my class today, curious about scholarship requiremetns",low
0,0,2,999,reported that the student minor argument with a seatmate - needs follow up,moderate
0,0,0,999,shouted at the instructor and walked out,moderate
2,2,5,64,reported that the student family issues appear to be affecting grades,high
3,1,5,39,noet: grades have been dropping steadily today,high
2,0,0,12,"student seems fine, following up anyway today",moderate
2,0,4,28,"per my observation, threatened another student after class - needs follow up",high
3,1,4,365,missed several classes this month - needs follow up,moderate
1,0,1,168,reported that the student sometimes disruptive during discussion today,low
0,1,3,999,adviser says avoiding classmates during activities (referred by adviser),moderate
2,0,1,56,avoiding classmates during activities,moderate
3,2,0,29,"per my observation, requested a tutor for one subject",moderate
5,1,6,24,"per my observation, minor misunderstanding with a classmate",high
1,2,2,0,reported that the student physically shoved another studnet in the hallway.,high
3,0,5,109,as discussed,moderate
0,1,5,999,"per my observation, self-harm concerns raised by a classmate (referred by adviser)",moderate
1,0,6,36,adviser says constantly bullying others (referred by adviser),high
0,4,2,999,"first time observation, nothing serious today",moderate
1,1,2,39,"first time observation, nothing serious",low
2,1,1,1,"per my observation, shouted at the instructor and walked out today",high
0,2,4,999,checking in for well-being,low
0,0,2,999,caught cheating multiple times.,high
1,0,5,63,n/a,low
1,0,2,13,wanted someone to talk to about stress,moderate
1,0,1,32,has stopped attending and is unreachable - needs follow up,high
1,1,6,22,keeps using phone despite reminders,moderate
0,1,5,999,"note: very aggressive behavior toward peers, please advise",moderate
1,0,2,10,"during my class today, seems wthdrawn and unfocused lately - needs follow up",moderate
2,1,4,26,note: has stopped attending and is unreachable.,high
3,0,2,46,incomplete requirements for two weeks now - needs follow up,moderate
1,0,5,28,"minor argument with a seatmate, please advise",moderate
2,0,2,11,reported that the student occasional attendance concern worth noting - needs follow up,moderate
2,1,3,126,reported that the student constantly bullying others - needs follow up,high
2,0,0,155,"per my observation, wanted someone to talk to about stress (referred by adviser)",low
0,1,1,999,curious about scholarship requirements (referred by adviser),low
0,1,5,999,"reported that the student minor argument with a seatmate, please advise",moderate
1,1,2,37,endorsed to guidance office,low
0,0,0,999,asked for career advice today,low
0,2,1,999,"per my observation, lack of focus throughout the period, please advise",low
0,1,2,999,"during my class today, chronic truancy despite repeated warnings.",moderate
1,2,5,60,n/a,moderate
3,0,2,10,did not submit the last two assignments,moderate
2,0,5,63,"during my class today, requested guidance on enrollment",moderate
2,1,6,29,adviser says keeps using phone despite reminders - needs follow up,moderate
4,0,1,159,reported that the student has not attended class in weeks,high
2,2,5,4,adviser sasy curious about scholarship requirements,moderate
1,1,1,24,talked back to me during class - needs follow up,moderate
1,1,2,50,"reported that the student student seems fine, following up anyway",moderate
0,0,0,999,"per my observation, asked for career advice - needs follow up",low
0,1,0,999,adviser says did not submit the last two assignments (referred by adviser),low
1,1,0,12,"during my class today, general counseling requested (referred by adviser)",moderate
0,5,1,999,adviser says chronic truancy despite repeated warnings,high
3,0,5,108,note: asked for career advice today,moderate
2,4,3,4,adviser says sometimes disruptive during discussion,high
0,4,6,999,asked about shifting courses,moderate
1,1,3,42,"missed several classes this month, please advise",moderate
2,1,4,34,"per my observation, avoiding classmates during activities today",moderate
0,0,1,999,reported that the student multiple behavioral incidents reported this month - needs follow up,moderate
2,0,3,144,"showing signs of emotional withdrawal, please advise",moderate
4,1,2,55,"per my observation, arrived late three times this week.",high
0,3,6,999,,moderate
1,0,6,3,parent requested a routine check-in,moderate
2,2,1,57,asked about shifting courses.,low
1,2,4,46,asked for study tips before midterms,moderate
1,3,4,21,note: wanted someone to talk to about stress.,moderate
2,0,3,16,"during my class today, parent requested a routine check-in",moderate
3,0,1,31,reported that the student talked back to me during class today,moderate
2,2,4,9,incomplete requirements for two weeks now - needs follow up,high
0,1,5,999,"wants to know about college applications, please advise",low
2,0,1,15,verbally abusive toward a classmate,high
0,1,3,999,"during my class today, asked about shifting courses today",low
3,0,1,23,adviser says arrived late three times this week (referred by adviser),moderate
1,1,6,7,reported that the student family issues appear to be affecting grades,moderate
0,2,1,999,"asked about shifting courses, please advise",low
2,1,1,15,"repeated peer conflict escalation, please advise",high
3,1,1,48,endorsed to guidance office,moderate
3,0,5,212,"has not attended class in weeks, please advise",high
1,1,5,30,"multiple behavioral incidents reported this month, please advise",high
3,1,0,238,"during my class today, wanted someone to talk to about stress.",low
0,1,1,999,reported that the student arrived late three times this week,low
1,0,5,93,"per my observation, arrived late three times this week today",moderate
4,1,2,1,plagiarised the entire final paper,high
1,1,0,21,reported that the student wants to know about college applications.,low
2,2,6,98,"avoiding classmates during activities, please advise",moderate
2,1,1,22,sometimes disruptive during discussion today,high
1,4,3,7,"during my class today, threatened another student after class, please advise",high
0,1,1,999,wanted someone to talk to about stress today,low
0,2,5,999,adviser says general counseling requested,low
2,0,5,40,wanted someone to talk to about stress,low
1,1,2,25,adviser says requested a tutor for one subject today,moderate
2,1,4,80,occasional attendance concern worth noting,moderate
0,0,6,999,"showing signs of emotional withdrawal, please advise",low
0,0,5,999,note: requested a tutor for one subject,low
2,0,2,48,for guidance,moderate
0,1,2,999,"adviser says sohwing signs of emotional withdrawal, please advise",moderate
3,1,6,195,n/a,moderate
0,0,0,999,note: distracted and unprepared for the quiz,low
1,2,0,114,reported that the student parent requested a routine check-in - needs follow up,low
6,0,1,137,adviser says needs help organizing their schedule.,moderate
0,2,5,999,"during my class today, not participating in group work.",moderate
1,1,1,44,"during my class today, brief chat about time management today",low
0,1,1,999,"during my class today, parent requested a routine check-in, please advise",low
3,2,4,106,note: arrived late three times this weke,moderate
1,1,1,121,"during my class today, shouted at the instructor and walked out",moderate
3,0,1,13,checking in for well-being,moderate
1,0,2,3,reported that the student checking in for well-being today,moderate
2,0,1,10,"per my observation, first time observation, nothing serious.",moderate
1,1,6,11,reported that the student constantly bullying others,high
1,1,1,77,note: repeated peer conflict escalation - needs follow up,moderate
2,1,5,137,reported that the student missed several classes this month (referred by adviser),moderate
1,1,2,30,"during my class today, caught cheating multiple times",high
1,0,1,34,repeated peer conflict escalation,moderate
3,2,1,2,minor argument with a seatmate,high
1,0,3,93,reported that the student found with a weapon in their bag,moderate
0,0,2,999,requested guidance on enrollment.,low
4,2,1,92,"during my class today, wants to know about college applications, please advise",moderate
2,0,6,52,note: struggling to submit requirements on time - needs follow up,moderate
0,0,2,999,failing all subjects this semester,moderate
0,2,6,999,brief chat about time management,low
3,2,1,18,keeps using phone despite reminders,high
1,0,1,15,"per my observation, curious about scholarship requirements",low
1,1,3,32,"first time observation, nothing serious - needs follow up",low
0,1,1,999,reported that the student parent requested a routine check-in today,low
2,0,1,32,adviser says requested guidance on enrollment (referred by adviser),low
1,1,0,22,note: asked for career advice,low
1,0,0,89,showing signs of emotional withdrawal - needs follow up,low
4,1,5,26,note: struggling to submit requirements on time,high
2,0,1,133,distracted and unprepared for the quiz (referred by adviser),moderate
2,3,6,17,"per my observation, multiple behavioral incidents reported this month, please advise",high
2,0,1,68,"during my class today, minor misunderstanding wih a classmate today",low
3,0,2,0,referred,high
2,1,2,69,"vandalized school property, please advise",high
1,1,3,51,note: sometimes disruptive during discussion,moderate
0,0,6,999,reported that the student occasional attendance concern worth noting.,low
3,0,5,0,reported that the student repeated peer conflict escalation.,high
2,0,0,19,"per my observation, brief chat about time management (referred by adviser)",low
3,0,2,74,"during my class today, first time observation, nothing serious",moderate
0,1,5,999,family problems causing seevre distress,moderate
2,0,0,58,"per my observation, minor misunderstanding with a classmate",low
4,0,3,36,note: minor misunderstanding with a classmate today,moderate
1,1,1,96,asked for study tips before midterms today,low
3,1,2,38,wants to know about college applications - needs follow up,moderate
2,2,2,19,"chronic truancy despite repeated warnings, please advise",high
3,2,2,14,verbally abusive toward a classmate - needs follow up,high
1,0,6,280,note: curious about scholarship requirements (referred by adviser),low
0,0,3,999,adviser says distracted and unprepared for the quiz.,low
0,0,6,999,"during my class today, general counseling requested (referred by adviser)",low
3,1,5,165,per adviser,moderate
1,0,2,51,arrived late three times this week,moderate
2,0,2,27,very agrgessive behavior toward peers today,high
1,3,2,174,wanted someone to talk to about stress.,moderate
1,0,5,46,reported that the student general counseling requested,low
1,2,1,74,parent requested a routine check-in today,moderate
1,1,6,39,"per my observation, missed several classes this month",moderate
3,2,3,83,per adviser,high
1,1,4,29,"per my observation, needs help organizing their schedule (referred by adviser)",moderate
2,0,3,76,arrived late three times this week (referred by adviser),moderate
1,1,3,124,adviser says family issues appear to be affecting grades,moderate
2,0,4,51,"student seems fine, following up anyway.",low
3,0,4,174,adviser says sometimes disruptive during discussion,moderate
2,1,1,13,"per my observation, seems a little quiet lately, nothing alarming",moderate
1,0,3,177,failing all subjects this semester - needs follow up,high
7,2,2,74,arrived late three times this week - needs follow up,high
1,1,4,0,note: arrived late three times this week - needs follow up,high
1,2,3,48,referred,moderate
1,1,1,5,"reported that the student incomplete requirements for two weeks now, please advise",high
1,0,5,6,"during my class today, wanted someone to talk to about stress - needs follow up",moderate
2,0,2,4,shouted at the instructor and walked out,high
0,0,3,999,referred,moderate
3,1,4,99,"per my observation, distracted and unprepared for the quiz, please advise",moderate
1,1,4,32,seems withdrawn and unfocused lately,moderate
2,0,5,35,not participating in group work.,moderate
0,0,1,999,"during my class today, checking in for well-being",low
4,0,1,14,"during my class today, seems a little quiet lately, nothing alarming (referred by adviser)",moderate
0,2,4,999,note: vandalized school property today,moderate
1,2,1,17,adviser says needs help organizing their schedule - needs follow up,low
2,0,1,117,referred,moderate
1,0,1,30,follow up,moderate
2,2,1,99,adviser says requested a tutor for one subject,low
5,1,6,189,reported that the student wanted someone to talk to about stress today,moderate
3,1,1,2,note: did not submit the last two assignments.,high
1,1,1,55,"during my class today, wanted someone to talk to about stress, please advise",low
2,0,6,88,curious about scholarship requirements,moderate
3,1,6,11,"per my observation, plagiarised the entire final paper (referred by adviser)",high
4,2,1,65,"seems a little quiet lately, nothing alarming today",moderate
1,0,6,22,"during my class today, general counseling requested - needs follow up",moderate
0,3,1,999,"during my class today, asked for study tips before midterms (referred by adviser)",low
1,2,5,15,family problems causing severe distress - needs follow up,high
0,0,0,999,note: checking in for well-being,low
0,0,2,999,adviser says appears exhausted and disengaged,moderate
2,2,1,7,"seems a little quiet lately, nothing alarming.",moderate
2,1,5,133,curious about scholarship requirements (referred by adviser),low
0,0,0,999,wants to know aobut college applications,low
4,0,2,10,"per my observation, physically shoved another student in the hallway (referred by adviser)",high
2,0,4,15,note: curious about scholarship requirements today,moderate
3,0,0,142,reported that the student did not submit the last two assignments,moderate
1,0,6,62,brief chat about time management,low
0,0,2,999,note: self-harm concerns raised by a classmate,moderate
1,2,1,48,"reported that the student wanted someone to talk to about stress, please advise",moderate
0,0,1,999,"per my observation, repeated peer conflict escalation, please advise",moderate
0,1,1,999,grades have been dropping steadily - needs follow up,low
0,1,1,999,"during my class today, punched a classmate in the face during my class - needs follow up",moderate
3,0,3,150,"per my observation, requested guidance on enrollment, please advise",low
2,0,4,238,"per my observation, student semes fine, following up anyway - needs follow up",low
3,5,2,41,"depressed and isolated, refuses to speak - needs follow up",high
0,1,2,999,"per my observation, asked about joining an organization.",low
1,1,5,14,"per my observation, physically shoved another student in the hallway.",high
3,2,1,87,"per my observation, family issues appear to be affecting grades",moderate
1,0,4,54,"during my class today, physically shoved another student in the hallway",moderate
0,0,6,999,general counseling requested,low
2,2,1,49,askde for career advice,moderate
3,1,4,24,adviser says asked about joining an organization,moderate
1,0,6,20,asked about joining an organization,low
1,1,3,48,family issues appear to be affecting grades (referred by adviser),moderate
2,0,6,12,"seems withdrawn and unfocused lately, please advise",moderate
0,0,1,999,showing signs of emotional withdrawal (referred by adviser),low
0,1,3,999,arrived late three times this week,moderate
2,0,1,88,grades have been dropping steadily.,moderate
2,2,0,5,"per my observation, parent requsted a routine check-in.",moderate
1,0,6,83,reported that the student asked about shifting courses,low
0,1,1,999,"reported that the student seems a little quiet lately, nothing alarming.",low
1,1,6,12,note: did not submit the last two assignments,high
1,0,4,198,frequently ltae to class,low
0,0,6,999,asked for career advice (referred by adviser),low
0,1,6,999,"per my observation, did not submit the last two asignments - needs follow up",moderate
1,0,3,74,constantly bullying others,moderate
0,1,6,999,caught cheating multiple times,moderate
2,0,5,54,"per my observation, incomplete requirements for two weeks now - needs follow up",moderate
0,2,3,999,"during my class today, has not attended class in weeks",high
1,2,4,66,note: asked for career advice,moderate
1,0,1,31,"during my class today, wanted someone to talk to about stress - needs follow up",low
2,0,0,48,asked for study tips before midterms.,low
0,0,1,999,"student seems fine, following up anyway",low
0,2,2,999,"note: failing all subjects this semester, please advise",high
1,0,1,40,minor misunderstanding with a classmate today,low
5,0,3,28,"found with a weapon in their bag, please advise",high
1,0,4,82,repeated peer conflict escalation,moderate
3,1,4,189,"per my observation, sometimes disruptive during discussion, please advise",moderate
4,2,6,70,adviser says asked about shifting courses (referred by adviser),high
2,1,6,20,"reported that the student failing all subjects this semester, please advise",high
1,1,6,30,minor argument with a seatmate.,moderate
0,0,4,999,"during my class today, vandalized school property.",moderate
2,1,1,23,note: appears exhausted and disengaged today,high
1,1,6,59,"per my observation, chronic truancy despite repeated wrnings - needs follow up",high
3,2,1,34,verbally abusive toward a classmate - needs follow up,high
1,0,1,6,"physically shoved another student in the hallway, please advise",high
2,1,1,34,chronic truancy despite repeated warnings,high
1,1,3,18,adviser says vandalized school property (referred by adviser),high
1,0,4,36,as discussed,moderate
0,1,0,999,note: curious about scholarship requirements today,low
0,1,5,999,has stopped attendng and is unreachable,moderate
2,0,1,23,frequently late to class.,moderate
2,0,1,2,"avoiding classmates during activities, please advise",high
4,3,1,83,"per my observation, repeated peer conflict escalation (referred by adviser)",high
3,1,1,112,adviser says asked for study tips before midterms,moderate
0,1,5,999,note: struggling to submit requirements on time,moderate
0,1,0,999,"reported that the student appears exhausted and disengaged, please advise",moderate
2,0,1,23,note: parent requested a routine check-in - needs follow up,moderate
3,1,0,7,"during my class today, asked for career advice",moderate
0,0,5,999,reported taht the student asked for career advice,low
3,2,6,118,adviser says incomplete requirements for two weeks now,moderate
1,1,4,1,grades have been dropping steadily - needs follow up,high
0,0,3,999,adviser says physically shoved another student in the hallway,moderate
2,0,6,184,"during my class today, seems a little quiet lately, nothing alarming (referred by adviser)",low
3,1,1,3,curious about scholarship requirements today,high
2,0,0,3,"per my observation, general counseling requested, please advise",moderate
0,1,3,999,note: minor argument with a seatmate (referred by adviser),moderate
2,2,1,193,brief chat about time management,low
3,0,2,70,"during my class today, physically shoved another student in the hallway, please advise",high
1,1,2,45,"per my observation, has stopped attending and is unreachable today",high
2,0,1,129,"per my observation, failing all subjects this semester today",moderate
2,0,2,15,for guidance,high
2,0,2,66,"during my class today, multiple behavioral incidents reported this month today",high
0,0,1,999,"during my class today, asked for career advice",low
2,2,6,15,"during my class today, requested a tutor for one subject",moderate
0,1,5,999,"struggling to submit requirements on time, please advise",moderate
2,0,0,88,"per my observation, asked for career advice",low
0,0,1,999,arrived late three times this week.,low
0,1,0,999,note: parent requested a routine check-in - needs follow up,low
1,1,0,6,nedes help organizing their schedule today,moderate
4,3,0,53,"during my class today, asked about shifting courses",moderate
3,0,1,21,"per my observation, constantly bullying others (referred by adviser)",high
1,3,5,26,"per my observation, constantly bullying others - needs follow up",high
3,0,5,26,did not submit the last two assignments - needs follow up,high
1,2,5,38,"during my class today, asked about joining an organization, please advise",low
1,1,4,34,checking in for well-being (referred by adviser),low
2,1,5,115,"per my obsrvation, failing all subjects this semester",high
0,0,5,999,minro argument with a seatmate,low
1,3,6,70,"wants to know about college application, please advise",moderate
3,0,5,51,note: keeps using phone despite reminders,high
1,0,5,2,"during my class today, student seems fine, following up anyway - needs follow up",moderate
2,3,5,18,note: chronic truancy despite repeated warnings,high
2,1,3,11,"student seems fine, following up anyway",moderate
6,0,1,48,referred,high
3,2,0,169,adviser says has not attended class in weeks,high
3,0,2,8,"per my observation, not participating in group work, please advise",high
1,2,0,32,adviser says parent requested a routine check-in - needs follow up,low
1,1,1,46,minor misundertanding with a classmate,low
0,2,0,999,"seems a little quiet lately, nothing alarming today",low
3,1,1,57,"during my class today, seems a little quiet lately, nothing alarming.",moderate
0,0,6,999,adviser says caught cheating multiple times,moderate
0,0,2,999,note: struggling to submit requirements on time.,moderate
0,1,1,999,"seems a little quiet lately, nothing alarming",low
1,0,2,40,"per my observation, depressed and isolated, refuses to speak, please advise",moderate
3,1,1,74,incomplete requirements for two weeks now (referred by adviser),moderate
0,2,4,999,"requested a tutor for one subject, please advise",low
0,0,4,999,adviser says talked back to me during class.,low
0,1,0,999,"during my class today, checking in for well-being, please advise",low
0,0,3,999,"during my class today, wants to know about college applications",low
3,3,0,32,"per my observation, requested guidance on enrollment.",moderate
0,2,4,999,"note: student seems fine, following up anyway",low
4,2,6,55,"reported that the student caught cheating multiple times, please advise",high
0,0,6,999,"seems a little quiet lately, nothing alarming",low
1,1,1,14,note: lack of focus throughout the period,moderate
3,0,5,139,"note: first time observation, nothing serious",moderate
0,0,5,999,"during my class today, wanted someone to talk to about stress",low
1,1,6,6,per adviser,moderate
2,0,1,13,"per my observation, arrived late three times this week",moderate
1,0,2,43,per adviser,moderate
1,0,1,7,checking in for well-being,moderate
0,1,0,999,"lack of focus throughout the period, please advise",low
2,0,4,124,reported that the student multiple behavioral incidents reported this monh,high
2,1,2,178,punched a classmate in the face during my class - needs follow up,high
1,0,1,107,"during my class today, struggling to submit requirements on time",low
0,2,5,999,"note: sometimes disruptive during discussion, please advise",moderate
1,2,2,101,,low
1,2,6,70,did not submit the last two assignments (referred by adviser),moderate
3,1,5,83,physically shoved another student in the hallway,high
0,2,6,999,"during my class today, arrived late three times this week",moderate
3,0,5,14,adviser says requested a tutor for one subject today,moderate
3,2,1,71,"reported that the sudent brief chat about time management, please advise",moderate
3,0,0,61,"first time observation, nothing serious",low
2,1,6,80,did not submit the last two assignments - needs follow up,moderate
2,1,1,8,incomplete requirements for two weeks now - needs follow up,high
1,0,2,32,"during my class today, student seems fine, following up anwyay",low
0,1,4,999,adviser says struggling to submit requirements on time today,moderate
3,2,1,5,"per my observation, plagiarised the entire final paper",high
0,1,1,999,"chronic truancy despite repeated warnings, please advise",moderate
1,1,2,121,note: chronic truancy despite repeated warnings (referred by adviser),high
0,2,2,999,"per my observation, wants to know about college applications today",low
1,1,4,53,"per my observation, has not attended class in weeks (referred by adviser)",high
3,1,0,319,did not submit the last two assignments (referred by adviser),moderate
1,1,2,12,reported that the student punched a classmate in the face during my class,high
0,0,1,999,"during my class today, curious about scholarship requirements today",low
1,3,4,47,very aggressive behavior toward peers.,high
0,0,1,999,"during my class today, requested guidance on enrollment",low
2,1,1,28,vandalized school property.,high
4,0,5,48,reported that the student found with a weapon in their bag,high
1,2,1,25,distracted and unprepared for the quiz today,moderate
1,0,5,130,adviser says caught cheating multiple times - needs follow up,moderate
1,1,1,53,seems withdrawn and unfocused lately,moderate
1,0,1,147,"during my class today, requested a tutor for one subject (referred by adviser)",low
1,0,1,58,checking in for well-being today,low
0,0,6,999,"lack of focus throughout the period, please advise",low
1,0,2,73,"avoiding classmates during activities, please advise",moderate
1,1,1,12,"per my observation, distracted and unprepared for the quiz - needs follow up",moderate
4,1,3,17,note: showing signs of emotional wihdrawal today,high
5,1,2,22,note: requested a tutor for one subject,high
0,1,5,999,"per my observation, distracted and unprepared for the quiz.",moderate
0,2,6,999,adviser says plagiarised the entire final paper today,high
2,1,3,60,"per my observation, checking in for well-being",moderate
3,2,2,37,"note: constantly bullying others, please advise",high
1,1,1,12,"during my class today, family issues appear to be affecting grades (referred by adviser)",moderate
4,0,6,38,"per my observation, asked for career advice.",moderate
1,1,2,164,"druing my class today, brief chat about time management",low
2,0,1,61,"per my observation, checking in for well-being today",low
1,0,6,21,has stopped attending and is unreachable.,high
0,1,6,999,"failing all subjects this semester, please advise",moderate
0,2,2,999,per adviser,low
0,2,1,999,note: self-harm concerns raised by a classmate today,moderate
3,2,4,12,"per my observation, very aggressive behavior toward peers",high
0,0,5,999,"per my observation, minor misunderstanding with a classmate",low
0,1,2,999,"adviser says checking in for well-being, please advise",low
1,1,1,81,"per my observation, punched a classmate in the face during my class today",high
1,1,1,82,adviser says frequently late to class.,moderate
2,1,1,108,note: family issues appear to be affecting grades - needs follow up,moderate
2,0,1,40,family problems causing severe distress (referred by adviser),high
1,0,5,30,adviser says needs help organizing their schedule,moderate
1,1,1,66,curious about scholarship requirements today,low
3,1,2,114,occasional attendance concern worth noting (referred by adviser),high
0,1,5,999,reported that the student asked about shifting courses (referred by adviser),low
2,0,2,91,note: plagiarised the entire final paper,moderate
0,2,1,999,"appears exhausted and disengaged, please advise",moderate
2,0,6,99,"during my class today, asked about joining an organization",low
2,0,1,26,"per my observation, incomplete requirements for two weeks now - needs follow up",moderate
0,1,6,999,"per my observation, missed several classes this month",moderate
0,0,0,999,"per my observation, student seems fine, following up anyway.",low
1,2,2,21,reported that the student multiple behavioral incidents reported this month,high
4,0,4,188,reported that the student asked for study tips before midterms,moderate
2,1,2,51,endorsed to guidance office,high
2,0,3,103,"note: seems a little quiet lately, nothing alarming",low
1,0,1,41,adviser says ased about joining an organization - needs follow up,low
0,2,3,999,"note: verbally abusive toward a classmate, please advise",moderate
1,0,1,66,note: strugglng to submit requirements on time (referred by adviser),moderate
3,1,5,93,physically shoved another student in the hallway.,high
1,1,3,65,family issues appear to be affecting grades,moderate
0,2,2,999,"wanted someone to talk to about stress, please advise",low
2,0,0,30,"asked for career advice, please advise",low
2,1,2,25,"lack of focus throughout the period, please advise",high
0,0,3,999,"per my observation, requested guidance on enrollment.",low
2,0,1,69,note: incomplete requirements for two weeks now - needs follow up,moderate
3,1,4,56,"per my observation, frequently late to class",moderate
0,1,0,999,note: requested a tutor for one subject,low
2,1,1,42,talked back to me during class - needs follow up,moderate
1,1,5,79,"per my observation, grades have been dropping steadily",moderate
4,1,1,30,"reported that the student seems a little quiet lately, nothing alarming today",moderate
4,0,1,170,"per my observation, seems a little quiet lately, nothing alarming - needs follow up",low
0,1,4,999,seems withdrawn and unfocused lately,low
1,0,5,20,reported that the student not participating in group work.,moderate
2,1,0,91,brief chat about time management (referred by adviser),low
2,0,1,88,incomplete requirements for two weeks now.,moderate
3,0,2,59,occasional attendance concern worth noting - needs follow up,high
5,0,3,49,lack of focus throughout the period (referred by adviser),high
3,1,2,13,"family issues appear to be affecting grades, please advise",high
2,1,4,15,see attached,moderate
4,0,5,40,endorsed to guidance office,high
2,2,6,19,note: checking in for well-being,moderate
2,0,1,6,"during my class today, takled back to me during class",high
0,0,1,999,adviser says vandalized school property - needs follow up,moderate
2,0,1,205,needs help organizing their schedule.,low
0,1,1,999,reported that the student needs help organizing their schedule - needs follow up,low
2,0,2,31,note: minor misunderstanding with a classmate (referred by adviser),moderate
2,0,6,41,checikng in for well-being,moderate
1,0,1,12,"per my observation, minor misunderstanding with a classmate today",low
3,2,1,47,requested guidance on enrollment.,moderate
2,1,3,61,distracted and unprepared for the quiz - needs follow up,moderate
1,1,6,11,adviser says threatened another student after class,high
4,1,1,37,"during my class today, requested guidance on enrollment (referred by adviser)",moderate
1,0,5,100,avoiding classmats during activities today,low
1,1,5,12,"adviser says family issues appear to be affecting grades, please advise",high
3,0,2,68,follow up,low
0,2,4,999,"seems withdrawn and unfocused lately, please advise",moderate
4,2,2,7,"note: struggling to submit requirements on time, please advise",high
0,2,1,999,note: vandalized school property,moderate
0,0,2,999,"during my class today, missed several classes this month",low
0,0,0,999,"during my class today, missed several classes this month, please advise",low
0,1,5,999,showing signs of emotional withdrawal,low
1,0,5,2,adviser says constantly bullying others,high
0,1,1,999,"student seems fine, following up anyway",low
4,0,3,30,asked for career advice today,moderate
3,0,1,35,"student seems fine, following up anyway",moderate
1,0,1,21,adviser says asked about shifting courses,low
0,1,4,999,adviser says showing signs of emotional withdrawal - needs follow up,low
1,0,1,87,note: asked for study tips before midterms,low
0,0,5,999,"during my class today, constantly bullying others",moderate
1,0,1,22,"asked about joining an organization, please advise",low
2,0,5,155,reported that the student distracted and unprepared for the quiz,moderate
0,0,2,999,reported that the student did not submit the last two assignments,moderate
2,1,2,30,appers exhausted and disengaged,high
2,0,5,110,note: asked about shifitng courses - needs follow up,low
1,1,3,73,not participating in group work,moderate
2,0,1,43,note: wants to know about college applications (referred by adviser),moderate
1,0,6,108,"incomplete requirements for two weeks now, please advise",moderate
3,0,1,39,"parent requested a routine check-in, pleae advise",moderate
1,0,1,23,minor misunderstanding with a classmate,low
0,1,2,999,"note: arrived late three times this week, please advise",moderate
0,2,3,999,adviser says distracted and unprepared for the quiz - needs follow up,moderate
2,0,4,62,as discussed,low
3,0,5,76,as discussed,moderate
3,0,3,318,reported that the student asked for career advice.,low
3,1,1,124,"per my observation, arrived late three times this week",moderate
3,1,1,8,"per my observation, plagiarised the entire final paper, please advise",high
2,2,1,5,general counseling requested,moderate
0,2,5,999,not participating in grup work.,moderate
0,0,1,999,"during my class today, minor misunderstanding with a classmate",low
0,0,4,999,for guidance,low
0,0,3,999,reported that the student verbally abusive toward a classmate,moderate
3,1,5,88,requested guidance on enrollment,moderate
1,1,0,11,for guidance,low
1,0,1,49,reported that the student brief chat about time management.,low
1,1,6,85,punched a classmate in the face during my class - needs follow up,high
2,2,3,13,has not attended class in weeks today,high
1,1,2,7,"seems a little quiet lately, nothing alarming today",moderate
4,1,5,14,reported that the student keeps using phone despite reminders (referred by adviser),high
1,0,6,70,lack of focus throughout the period today,moderate
1,3,1,1,missed several classes this month (referred by adviser),high
6,1,6,46,"during my class today, wanted someone to tlk to about stress",high
2,2,1,29,"reported that the student first time observation, nothing serious, please advise",moderate
5,0,6,40,asked about shifting courses (referred by adviser),moderate
1,0,1,10,minor argument with a seatmate - needs follow up,low
2,0,1,26,note: general counseling requested,moderate
2,0,0,37,lack of focus throughout the period.,low
1,0,5,2,"during my class today, general counseling requested.",moderate
0,1,6,999,note: parent requested a routine check-in today,low
2,0,1,177,curiosu about scholarship requirements,low
2,1,1,1,"reported that the student minor argument with a seatmate, please advise",high
1,0,1,105,"per my observation, requested guidance on enrollment today",low
1,2,1,58,"distracted and unprepared for the quiz, please advise",moderate
0,0,5,999,shoutd at the instructor and walked out.,moderate
0,0,0,999,note: checking in for well-being,low
1,3,6,148,"during my class today, pnuched a classmate in the face during my class",moderate
1,0,6,1,adviser says curious about scholarship requirements,moderate
2,0,1,59,adviser says not participating in group work - needs follow up,moderate
0,2,3,999,adviser says chronic truancy despite repeated warnings,high
2,1,6,100,"per my observation, showing signs of emotional withdrawal",moderate
0,1,6,999,reported that the student struggling to submit requirements on time,low
2,1,5,78,"per my observation, seems withdrawn and unfocused lately (referred by adviser)",moderate
0,1,0,999,note: asked for career advice.,low
4,0,0,30,sometimes disruptive durig discussion.,moderate
1,3,5,57,"occasional attendance concern worth noting, please advise",high
1,1,2,26,"per my observation, minor misunderstanding with a classmate",moderate
0,1,4,999,note: wanted someone to talk to about stress,low
2,1,5,49,caught cheating multiple times (referred by adviser),high
2,0,2,19,"adviser says student seems fine, following up anyway (referred by adviser)",moderate
3,0,1,46,reported that the student needs help organizing their schedule today,moderate
2,0,2,15,"during my class today, distracted and unprepared for the quiz (referred by adviser)",moderate
0,0,6,999,note: talked back to me during class,low
1,0,1,21,reported that the student plagiarised the entire final paper,high
1,1,0,6,,moderate
2,0,6,10,adviser says minor misunderstanding with a classmate,moderate
1,5,4,103,"per my observation, arrived late three times this week",moderate
2,2,3,41,punched a classmate in the face during my class today,high
5,4,5,2,"during my class today, physically shoved another student in the hallway",high
3,0,2,243,"during my class today, arrived late three times this week toay",moderate
1,2,6,9,"per my observation, keeps using phone despite reminders, please advise",moderate
1,3,6,27,"per my observation, mionr argument with a seatmate",high
3,1,1,8,endorsed to guidance office,moderate
2,1,2,58,has stopped attending and is unreachable,high
1,1,1,47,reported that the student struggling to submit requirements on time (referred by adviser),moderate
0,0,4,999,not participating in group work,low
3,2,4,29,"adviser says first time observation, nothing serious today",moderate
3,1,3,240,brief chat about time management,moderate
2,0,6,154,constantly bullying others - needs follow up,high
2,0,2,117,reported that the student caught cheating multiple times today,high
0,2,5,999,reported that the student asked about joining an organization,low
2,2,4,68,"seems a little quiet lately, nothing alarming",moderate
2,1,3,162,"note: student seems fine, following up anyway (referred by adviser)",moderate
2,0,0,91,"reported that the student first time observation, nothing serious",low
4,0,4,1,grades have been dropping steadily (referred by adviser),high
2,1,4,85,family issues appear to be affecting grades,moderate
0,0,1,999,note: curious about scholarship reqiurements today,low
1,2,5,51,referred,moderate
1,0,2,14,note: brief chat about time management - needs follow up,moderate
1,0,1,1,"during my class today, minor misunderstanding with a classmate, please advise",moderate
1,0,5,0,self-harm conerns raised by a classmate,high
0,2,1,999,"per my observation, checking in for well-being, please advise",low
2,1,4,2,reported that the student sees withdrawn and unfocused lately,high
0,0,4,999,"per my observation, did not submit the last two assignments today",low
0,0,0,999,"during my class today, not participating in group work - needs follow up",low
1,1,2,78,showing signs of emotional withdrawal (referred by advisr),moderate
2,1,1,173,requested guidance on enrollment - needs follow up,low
2,1,1,98,note: frequently late to class (referred by adviser),moderate
1,0,4,15,"curious about scholarship rqeuirements, please advise",low
1,2,0,71,asked for study tips before midterms,low
2,1,6,53,,moderate
2,2,2,30,verbally abusive toward a classmate,high
4,1,1,103,adviser says sometimes disruptive during discussion,moderate
2,0,6,30,"student seems fine, following up anyway today",moderate
2,2,2,63,"per my observation, not participating in group work",moderate
2,2,4,15,adviser says asked about joining an organization,moderate
2,0,4,64,"during my class today, wants to know about college applications, please advise",moderate
0,0,6,999,"per my observation, failing all subjects this semester - needs follow up",moderate
0,0,1,999,needs help organizing their schedule,low
2,0,0,36,"per my observation, minor misunderstanding with a classmate",low
0,0,6,999,reported that the student has not attended class in weeks - needs follow up,moderate
2,0,0,129,"during my class today, family issues appear to be affecting grades - needs follow up",moderate
2,0,5,58,per adviser,high
2,0,4,60,adviser says curious about scholarship requirements today,low
2,2,3,6,parent requested a routine check-in (referred by adviser),high
1,1,5,102,"during my class today, asked for career advice",moderate
1,0,6,81,endorsed to guidance office,low
1,1,0,2,reported that the student asked for study tips before midterms,moderate
1,0,4,165,note: needs help organizing their schedule.,low
1,0,5,23,adviser says grades have been dropping steadily,high
1,1,1,3,avoiding classmates during activitise,high
2,0,6,175,"per my observation, very aggressive behavior toward peers.",high
2,0,2,15,"during my class today, seems a little quiet lately, nothing alarming",moderate
2,0,1,49,reported that the student punched a classmate in the face during my class,high
1,1,6,68,"during my class today, asked about joining an organization",low
1,2,6,20,parent requested a routine check-in,moderate
0,1,0,999,adviser says asked for career advice (referred by adviser),low
6,0,5,63,note: missed several classes this month.,high
0,0,1,999,note: sometimes disruptive during discussion,low
2,1,0,57,reported that the student checking in for well-being today,low
1,1,1,47,per adviser,moderate
2,0,6,91,reported that the student appears exhausted and disengaged,moderate
0,1,1,999,"student seems fine, following up anyway - needs follow up",low
1,0,1,36,"missed several classes this month, please advise",moderate
0,3,5,999,"during my class today, vandalized school property (referred by adviser)",high
1,0,2,37,reported that the student has stopped attending and is unreachable,high
1,0,1,81,reported that the student curious about scholarship requirements.,low
1,1,1,64,"seems a little quiet lately, nothing alarming",low
0,0,5,999,"during my class today, family problems causing severe distress (referred by adviser)",moderate
0,0,4,999,did not submit the last two assignments.,low
0,2,5,999,reported that the student asked about joining an organization today,low
4,0,0,147,"per my observation, wanted someone to talk to about stress - needs follow up",low
2,1,2,17,adviser says wanted someone to talk to about stress.,moderate
4,0,5,100,note: physically shoved another student in the hallway (referred by adviser),high
2,0,1,27,reported that the student frequently late to class,moderate
2,1,1,118,reported that the student asked for career advice today,low
1,2,2,61,adviser says asked for study tips befre midterms today,moderate
4,1,1,17,sometimes disruptive during discussion - needs follow up,high
1,0,1,66,"per my observation, requested guidance on enrollment",low
0,1,6,999,adviser says grades have been dropping steadily - needs follow up,moderate
1,0,2,22,parent requested a routine check-in,moderate
1,1,4,57,adviser says brief chat about time management,low
2,0,1,34,arrived late three times this week,moderate
1,0,4,8,reported that the student threatened another student after class,high
1,1,3,137,appears exhausted and disengaged - needs follow up,moderate
1,2,6,38,minor misunderstanding with a classmate (referred by adviser),low
0,0,2,999,sometimse disruptive during discussion,low
1,1,5,17,"avoiding classmates during activities, please advise",high
2,0,1,35,"during my class today, asked about joining an organization",low
4,0,3,176,"during my class today, talked back to me during class - needs follow up",high
1,0,6,53,"per my observation, threatened another student after class - needs follow up",high
2,2,4,1,asked for study tips before midterms,high
1,1,5,5,"during my class today, frst time observation, nothing serious",moderate
2,2,6,89,adviser says appears exhausted and disengaged,moderate
2,1,6,18,reported that the student punched a classmate in the face during my class - needs follow up,high
1,1,1,100,wants to know about college appilcations - needs follow up,low
1,0,1,15,reported that the student seems withdrawn and unfocused lately,moderate
2,1,3,89,minor misunderstanding with a classmate.,moderate
1,0,6,22,parent requested a routine check-in,moderate
2,0,2,41,minor misunderstanding with a classmate,moderate
0,0,1,999,reported that the student occasional attendance concern worth noting.,low
3,2,3,40,adviser says wants to know about college applications,moderate
1,3,0,65,"during my class today, first time observtion, nothing serious",low
0,1,1,999,brief chat about time management today,low
3,0,1,22,note: arrived late three times this week - needs follow up,moderate
1,1,0,4,requested guidance on enrollment (referred by adviser),moderate
0,1,5,999,adviser says keeps using phone despite reminders.,moderate
2,0,1,36,for guidance,moderate
0,0,1,999,"adviser says minor argument with a seatmate, please advise",low
0,2,3,999,"reported that the student asked about shifting courses, please advise",low
1,3,1,5,curious about scholarship requirements (referred by adviser),moderate
1,2,2,40,seems withdrawn and unfocused lately today,moderate
3,2,1,40,"first time observation, nothing serious, please advise",moderate
1,1,0,27,note: brief chat about time management (referred by adviser),moderate
1,2,4,49,note: found with a weapon in their bag,high
0,0,1,999,adviser says requested a tutor for one subject,low
1,0,1,144,"during my class today, grades have been dropping steadily",low
1,1,1,13,reported that the student asked about joining an organization,low
1,1,1,63,"per my observation, wanted someone to talk to about stress",moderate
1,0,1,156,asked about shifting courses today,low
2,2,1,20,adviser says minor misunderstanding with a classmate today,moderate
4,0,1,63,"per my observation, asked for study tips before midterms, please advise",moderate
0,0,0,999,follow up,low
3,0,6,106,"note: mised several classes this month, please advise",moderate
0,0,1,999,reported that the student curious about scholarship requirements (referred by adviser),low
1,1,0,48,adviser says general counseling requested,low
4,0,3,88,adviser says occasional attendance concern worth noting.,high
4,0,1,29,reported that the student keeps using phone despite reminders,high
1,0,5,76,"during my class today, keeps using phone despite reminders today",moderate
3,1,0,209,reported that the student struggling to submit requirements on time.,moderate
2,0,2,14,very aggressive behavior toward peers,high
0,2,6,999,"during my class today, incomplete requirements for two weeks now - needs follow up",moderate
2,4,1,214,asked about shifting courses - needs follow up,moderate
2,3,1,38,note: not participating in group work,moderate
1,1,4,6,"per my observation, asked about joining an organization.",moderate
1,1,6,30,multiple behavioral incidents reported this month today,high
1,1,2,4,"during my class today, curious about scholarship requirements - needs follow up",moderate
0,0,4,999,minor misunderstanding with a classmate,low
4,0,1,72,"student seems fine, following up anyway, please advise",moderate
1,0,4,25,endorsed to guidance office,moderate
2,2,1,10,not participating in group work.,high
2,0,4,169,referred,low
1,2,0,22,verbally abusive toward a classmate,high
1,0,3,102,gades have been dropping steadily,low
0,1,1,999,chronic truancy despite repeated warnings,moderate
3,0,4,120,reported that the student missed several classes this month,moderate
0,0,5,999,"per my observation, distracted and unprepared for the quiz (referred by adviser)",low
1,0,5,77,"during my class today, sometimes disruptive during discussion - needs follow up",moderate
2,0,6,26,endorsed to guidance office,high
0,0,2,999,reported that the student seems withdrawn and unfocused lately,low
2,1,4,160,reported that the student needs help organizing their schedule,low
2,0,0,28,seems withdrawn and unfocused lately today,moderate
3,1,6,7,"per my observation, requested a tutor for one subject",moderate
1,0,4,4,as discussed,moderate
0,0,2,999,grades have been dropping steadily,low
0,0,2,999,checking in for well-being (referred by adviser),low
1,1,5,111,"per my observation, requested a tutor for one subject",low
1,0,5,27,"during my clas today, general counseling requested today",moderate
2,2,5,28,per adviser,high
0,1,3,999,reported that the student brief chat about time management today,low
0,2,2,999,needs help organizing their schedule,low
1,0,6,88,as discussed,low
2,0,4,49,shouted at the instructor and walked out,high
3,1,3,17,occasional attnedance concern worth noting,high
1,1,3,15,"student seems fine, following up anyway today",moderate
3,1,4,111,note: asked about shifting courses,moderate
1,0,5,8,"adviser says first time observation, nothing serious (referred by adviser)",moderate
1,1,3,23,follow up,moderate
1,1,6,39,"during my class today, seems a little quiet lately, nothing alarming today",low
1,3,6,36,note: wants to know about college applications.,moderate
1,0,2,112,endorsed to guidance office,moderate
2,2,1,3,constanty bullying others,high
2,1,3,121,reported that the student chronic truancy despite repeated warnings,high
0,1,4,999,n/a,low
0,1,3,999,follow up,moderate
0,1,6,999,"per my observation, wanted someone to talk to about stress (referred by adviser)",low
2,1,0,7,"seems a little quiet lately, ntohing alarming today",moderate
1,1,1,8,adviser says not participating in group work - needs follow up,moderate
2,0,6,152,lack of focus throughout the period today,moderate
0,0,6,999,"per my observation, showing signs of emotional withdrawal, please advise",low
2,1,2,43,lack of focus throughout the period.,high
0,1,1,999,not participating in group work today,low
0,1,2,999,note: punched a classmate in the face during my class today,moderate
3,1,2,31,reported that the student minor argument with a seatmate (referred by adviser),high
2,0,3,109,"reported that the student asked about joining an organization, please advise",moderate
1,0,1,81,seems withdrawn and unfocused lately,low
2,0,1,11,note: general counseling requested,moderate
2,2,4,59,chronic truancy despite repeated warnings.,high
1,1,4,3,note: missed several classes this month (referred by adviser),high
1,0,4,111,endorsed to guidance office,moderate
0,0,2,999,parent requested a routine check-in,low
1,0,1,8,"during my class today, verbally abusive toward a classmate",high
0,0,2,999,adviser says not participating in group work,low
1,2,6,29,adviser says requested a tutor for one subject,moderate
2,1,2,48,reported that the student constantly bullying others.,high
4,1,4,130,"first time observation, nothing serious - needs follow up",moderate
1,0,3,105,"during my class today, wanted someone to talk to about stress - needs follow up",low
4,0,6,102,"curious about scholarship requirements, please advise",moderate
2,0,2,115,"per my observation, family problems causing severe distress (referred by adviser)",moderate
0,1,2,999,sometimes disruptive during discussion,moderate
2,0,5,239,verbally abusive toward a classmate (referred by adviser),moderate
0,2,1,999,requested guidance on enrollment today,low
2,1,3,297,occasional attendance concern worth noting.,moderate
4,0,2,26,adviser says caught cheating multiple times (referred by adviser),high
2,0,6,14,adviser says struggling to submit requirements on time.,high
1,0,5,43,parent requested a routine check-in,low
2,0,0,0,wants to know about college applications.,moderate
1,4,5,51,"adviser says asked for career advice, please avdise",moderate
3,2,5,114,struggling to submit requirements on time,high
1,0,3,2,"per my observation, multiple behavioral incidents reported this month - needs follow up",high
3,1,1,112,incomplete requirements for two weeks now - needs follow up,moderate
0,1,1,999,adviser says repeated peer conflict escalation,moderate
0,1,4,999,general counseling requested (referred by adviser),low
0,0,2,999,curious about scholarship requirements,low
2,1,6,1,follow up,high
1,1,1,58,reported that the student requested a tutor for one subject,moderate
2,0,4,38,adviser says self-harm concerns raised by a classmate today,high
2,0,1,59,adviser says appears exhausted and disengaged,moderate
3,2,4,124,"distracted and unprepared for the quiz, please advise",moderate
4,0,0,78,"per my observation, student seems fine, following up anyway",low
2,2,2,13,"per my observation, not participating in group work today",high
3,0,1,14,"during my class today, keeps using phone despite reminders, please advise",moderate
0,0,4,999,"student seems fine, following up anyway",low
4,0,1,59,reported that the student general counseling requested toay,moderate
1,4,5,13,adviser says frequently late to class,high
0,1,1,999,"during my class today, minor misunderstanding with a classmate - needs follow up",low
1,0,3,134,"per my observation, verbally abusive toward a classmate.",moderate
0,1,3,999,reported that the student struggling to submit requirements on time today,moderate
1,4,0,13,adviser says talked back to me during class,moderate
0,0,0,999,note: curious about scholarship requirements today,low
0,2,1,999,note: asked for career advice.,low
1,0,4,24,"seems a little quiet lately, nothing alarming - needs follow up",low
2,0,6,15,adviser says struggling to submit requirements on time (referred by adviser),high
5,0,0,10,"minor misunderstanding with a classmate, please advise",moderate
1,3,5,59,"needs help organizing their schedule, please advise",moderate
3,1,4,83,checking in for well-being,low
0,0,4,999,note: asked about joining an organization - needs follow up,low
2,0,3,12,adviser says occasional attendance concern worth noting,high
1,1,6,70,missed several classes this month.,moderate
1,0,3,1,"student seems fine, following up anyway",moderate
1,2,5,253,brief chat about time management - needs follow up,low
1,0,1,110,note: requested a tutor for one subject,low
2,3,5,16,"per my observation, has not attended class in weeks, please advise",high
2,2,6,4,avoiding classmates during activities today,high
0,0,6,999,"during my class today, needs help organizing their schedule",low
1,1,1,58,"first time observation, nothing serious, please advise",low
0,2,5,999,grades have been dropping steadily,low
3,1,0,17,reported that the student asked for study tips before midterms (referred by adviser),moderate
2,3,4,53,reported that the student struggling to submit requirements on time,high
0,2,1,999,note: did not submit the last two assignments.,moderate
2,1,4,89,adviser says checking in for well-being,low
3,1,2,46,"during my class today, brief chat about time management",moderate
3,0,0,44,requested a tutor for one subject (referred by adviser),low
1,3,1,33,note: keeps using phone despite reminders (referred by adviser),moderate
1,0,0,103,"note: brief chat about time management, please advise",low
0,1,2,999,note: asked for career advice - needs follow up,low
0,2,5,999,"during my class today, self-harm concerns raised by a classmate (referred by adviser)",moderate
1,0,5,24,"during my class today, minor misunderstanding with a classmate today",low
0,0,5,999,note: constantly bullying others (referred by adviser),moderate
1,2,5,21,"asked about shifting courses, please advise",moderate
3,0,2,17,"seems a little quiet lately, nothing alarming today",moderate
2,0,3,4,note: asked about joining an organization,high
3,0,3,4,endorsed to guidance office,high
3,2,1,77,reported that the student minor misunderstanding with a classmate (referred by adviser),moderate
0,1,3,999,reported that the student missed several classes this month (referred by adviser),low
1,0,5,71,reported that the student distracted and unprepared for the quiz,moderate
2,1,4,30,distracted and unprepared for the quiz - needs follow up,high
3,1,5,34,"during my class today, avoiding classmates during activities",high
1,1,1,51,asked for study tips before midterms,low
5,1,5,4,family issues appear to be affecting grades - needs follow up,high
3,1,1,72,reported that the student occasional attendance concern worth noting today,moderate
1,1,6,5,asked for career advice,moderate
1,2,1,7,"seems a little quiet lately, nothing alarming",moderate
3,1,2,6,"student seems fine, following up anyway",moderate
1,1,2,54,minor argument with a saetmate,moderate
0,0,1,999,reported that the student parent requested a routine check-in,low
1,1,2,46,note: general counseling requested - needs follow up,moderate
4,1,1,40,"per my observation, requested a tutor for one subject - needs follow up",moderate
6,0,3,32,"physically shoved another student in the hallway, please advise",high
4,0,6,10,occasional attendance concern worth noting,high
1,1,1,1,parent requested a routine check-in - needs follow up,moderate
1,0,3,31,requested guidance on enrollment,low
1,0,6,76,note: did not submit the last two assignments,moderate
1,1,2,21,"per my observation, constantly bullying others",high
2,1,5,24,note: struggling to submit requirements on time,high
2,1,2,32,talked back to me during class,moderate
1,0,2,34,adviser says checking in for well-being,moderate
2,0,1,15,"per my observation, brief chat about time management",moderate
3,0,1,34,"student seems fine, following up anyway (referred by adviser)",low
2,1,4,118,"per my observation, asked about joining an organization",low
1,1,5,10,adviser says occasional attendance concern worth noting,high
1,0,1,46,distracted and unprepared for the quiz,moderate
1,2,6,115,"per my observation, wants to know about college applications, please advise",moderate
2,1,2,202,note: threatened another student after class,high
3,0,2,63,did not submit the last two assignments (referred by adviser),moderate
1,2,6,31,asked for study tips before midterms (referred by adviser),low
3,2,6,3,"during my class today, frequently late to class",high
3,0,3,0,adviser says requested a tutor for one subject - needs follow up,moderate
1,0,1,15,"per my observation, curious about scholarship requirements",low
0,0,1,999,minor misunderstanding with a classmate,low
2,1,1,160,adviser says did not submit the last two assignments (referred by adviser),moderate
1,1,5,40,,low
1,2,1,48,"per my observation, minor argument with a seatmate",moderate
2,2,4,55,asked for carere advice.,moderate
3,2,1,13,"adviser says frequently late to class, please advise",high
1,0,2,5,as discussed,high
2,1,2,17,n/a,moderate
2,0,3,141,reported that the student repeated peer conflict escalation (referred by adviser),high
1,0,3,6,very aggressive behavior toward peers,high
1,1,6,18,"per my observation, parent requested a routine check-in, please advise",moderate
1,2,6,22,referred,high
2,2,4,63,verbally abusive toward a classmate,high
0,0,1,999,"reported that the student student seems fine, following up anyway (referred by adviser)",low
1,0,6,63,"per my observation, struggling to submit requirements on time, please advise",moderate
2,2,6,60,"per my observation, repeated peer conflict escalation.",high
0,0,6,999,"has stoppde attending and is unreachable, please advise",moderate
0,2,2,999,"reported that the student first time observation, nothing serious today",low
1,3,1,230,"seems a little quiet lately, nothing alarming (referred by adviser)",low
1,1,5,81,note: avoiding classmates during activities (referred by adviser),high
1,1,2,20,"wants to know about college applications, please advise",moderate
5,1,1,89,adviser says very aggressive behavior toward peers,high
2,0,2,139,avoiding classmates during activities,high
1,2,3,157,wants to know about college applications,moderate
5,0,1,121,brief chat about time management,moderate
2,0,4,38,"during my class today, struggling to submit requirements on time today",moderate
2,3,4,19,"depressed and isolated, refuses to speak today",high
1,1,3,20,wants to know about colelge applications,moderate
0,1,0,999,"during my class today, caught cheating multiple times, please advise",moderate
0,0,6,999,appears exhausted and disengaged.,low
0,1,2,999,"per my observation, minor misunderstanding with a classmate - needs follow up",low
2,2,2,30,asked for study tips before midterms (referred by adviser),moderate
4,0,2,28,punched a classmate in the face during my class,high
1,2,2,57,"first time observation, nothing serious, please advise",moderate
5,0,4,164,not participating in group work.,moderate
4,1,0,19,frequently late to class - needs follow up,high
1,1,6,77,"during my class today, missed several classes this month.",moderate
1,0,1,47,adviser says showing signs of emotional withdrawal,moderate
1,1,6,46,"during my class today, minor misunderstanding with a classmate",low
0,0,4,999,"per my observation, lack of focus throughout the period, please advise",low
0,2,0,999,"seems a little quiet lately, nothing alarming",low
2,0,3,72,did not submit the last two assignments (referred by adviser),high
0,1,1,999,seems withdrawn and unfocused lately - needs follow up,low
1,1,6,46,note: distracted and unprepared for the quiz.,moderate
3,0,5,1,note: wanted someone to talk to about stress,moderate
1,0,3,69,per adviser,low
4,1,2,129,"per my observation, asked for study tips bfore midterms",moderate
2,2,6,34,reported that the student avoding classmates during activities,high
1,0,4,101,reported that the student physically shoved another student in the hallway - needs follow up,moderate
4,0,3,6,frequently late to class,high
1,0,2,73,"adviser says has stopped attending and is unreachable, please advise",high
2,3,1,12,requested guidance on enrollment (referred by adviser),moderate
1,0,5,2,"avoiidng classmates during activities, please advise",high
1,0,3,25,adviser says avoiding classmates during activities.,high
0,1,5,999,"during my class today, threatened another student after class",moderate
2,0,3,39,"first time observation, nothing serious - needs follow up",moderate
2,1,3,152,wanted someone to talk to about stress,moderate
3,0,2,35,adviser says very aggressie behavior toward peers (referred by adviser),high
2,1,5,10,"per my observation, incomplete requirements for two weeks no,w please advise",moderate
1,0,2,19,"during my class today, shouted at the instructor and walked out",high
0,0,6,999,"has not attended class in weeks, please advise",moderate
1,0,1,56,appears exhausted and disengaged,moderate
2,2,4,8,aksed for career advice,moderate
0,0,6,999,"reported that the student showing signs of emotional withdrawal, please advise",low
2,2,5,27,"per my observation, frequently late to class.",high
1,3,1,13,adviser says not participating in group work today,moderate
0,1,5,999,lack of focus throughout the period,moderate
1,2,1,29,referred,moderate
1,3,0,63,frequently late to class (referred by adviser),high
0,0,5,999,for guidance,moderate
0,0,5,999,reported that the student parent requested a routine check-in,low
1,0,0,1,adviser says needs help organizing their schedule,low
1,1,6,141,"per my observation, self-harm concerns raised by a classmate",moderate
0,1,2,999,"during my class today, lack of focus throughout the period.",moderate
1,1,6,18,,high
0,1,5,999,adviser says caught cheating multiple times today,moderate
0,1,6,999,caught cheating multiple times.,moderate
4,1,5,12,"during my class today, found with a weapon in their bag",high
1,1,6,31,"per my observation, parent reuqested a routine check-in.",low
2,0,4,32,distracted and unprepared for the quiz - needs follow up,moderate
1,1,1,187,brief chat about time management.,low
4,2,2,28,parent requested a routine check-in today,high
3,0,5,53,"during my class today, not participating in group work.",moderate
2,0,1,66,struggling to submit requirements on time,moderate
0,2,6,999,checking in for well-being,low
1,1,1,26,adviser says talked back to me during class - needs follow up,moderate
0,1,6,999,"note: repeated peer conflict escalation, please advise",moderate
2,0,2,21,reported that the student checking in for well-being.,moderate
0,1,5,999,minor argument with a seatmate today,moderate
1,1,6,9,"per my observation, missed several classes this month.",moderate
3,2,2,92,verbally abusive toward a classmate today,high
2,0,4,1,reported that the student plagiarised the entire final paper,high
3,1,1,244,"reported that the student first time observation, nothing serious",moderate
1,1,5,47,minor misunderstanding with a classmate (referred by adviser),low
1,2,5,70,"reported that the student general counseling requested, please advise",moderate
1,1,1,19,for guidance,moderate
1,0,0,193,wanted someone to talk to about stress,low
1,2,2,4,seems withdrawn and unfocused lately,high
3,0,1,4,"asked about shifting courses, please advise",moderate
0,1,5,999,"per my observation, asked for study tips before midterms",low
1,1,1,2,per adviser,moderate
2,0,6,1,threatened another student after class (referred by adviser),high
0,0,6,999,"during my class today, talked back to me during class - needs follow up",low
0,0,6,999,wnts to know about college applications.,low
2,1,3,42,"first time observation, nothing serious",moderate
1,2,1,170,"during my class today, seems withdrawn and unfocused ltely",moderate
1,0,5,2,"during my class today, vandalized school property, please advise",high
1,1,5,153,plagiarised the entire final paper - needs follow up,moderate
1,1,6,48,note: family issues appear to be affecting grades (referred by adviser),moderate
0,1,2,999,asked for study tips before midterms today,low
2,1,0,199,"reported that the student student semes fine, following up anyway",low
4,1,6,135,sometimes dsiruptive during discussion,high
3,1,5,21,"requested a tutor for one subject, please advise",moderate
0,1,1,999,"adviser says student seems fin, following up anyway",low
1,1,5,39,"depressed and isolated, refuses to speak",high
1,0,0,42,"minor misunderstanding with a classmate, please advise",low
1,1,3,68,asked for study tips before midterms.,low
3,0,2,5,per adviser,high
2,3,2,5,"per my observation, requested guidance on enrollment",high
1,1,1,88,reported that the student grades have been dropping steadily (referred by adviser),moderate
1,0,1,222,has not attenedd class in weeks,moderate
2,1,2,31,note: asked about shifting courses,moderate
1,2,1,149,appears exhausted and disengaged today,moderate
2,1,2,2,caught cheating multiple times (referred by advisre),high
0,0,3,999,"during my class today, arrived late three times this week - needs follow up",moderate
1,1,5,19,"note: multiple behavioral incidents reported this month, please advise",high
3,1,4,121,adviser says shouted at the instructor and walked out - needs follow up,high
2,1,1,91,reported that the student not participating in group work,moderate
1,0,0,24,adviser says frequently late to class,moderate
2,2,5,24,"during my class today, grades have been dropping steadily",high
1,1,6,70,reported that the student asked about shifting courses - needs follow up,low
0,2,6,999,adviser says talked back to me during class today,low
2,0,6,28,parent requested a routine check-in,moderate
2,0,4,164,for guidance,moderate
1,0,6,192,"reported that the student first time observation, nothing serious (referred by adviser)",low
3,0,2,70,adviser says threatened another student after class,high
0,0,5,999,occasional attendance concern worth noting,moderate
2,1,6,30,adviser says parent requested a routine check-in.,low
4,0,5,68,adviser says needs help organizing their schedule.,moderate
2,3,2,1,"note: minor argument with a seatmate, please advise",high
1,1,2,16,appears exhausted and disengaged,high
3,0,1,250,adviser says found with a weapon in their bag (referred by adviser),moderate
1,4,2,1,repeated peer conflict escalation,high
0,0,5,999,"during my class today, punched a classmate in the face during my class.",moderate
1,1,5,56,reported that the student seems withdrawn and unfocused lately (referred by adviser),moderate
1,2,1,31,"note: asked for career advice, please advise",moderate
2,0,5,3,"per my observation, requested guidance on enrollment",moderate
1,1,2,49,note: plagiarised the entire final paper,high
2,1,3,250,sowing signs of emotional withdrawal (referred by adviser),moderate
5,1,2,46,wants to know about college applications today,moderate
2,0,3,71,reported that the student did not submit the last two assignments,moderate
0,1,5,999,"per my observation, family problems causing severe distress",moderate
0,1,5,999,grades have been dropping steadily - needs follow up,low
3,1,5,277,note: physically shoved another student in the hallway,high
0,3,2,999,referred,high
3,0,4,44,note: lack of focus throughout the period (referred by adviser),moderate
4,1,1,57,"during my class today, incomplete requirements for two weeks now",high
0,0,2,999,"self-harm concerns raised by a classmate, please advise",moderate
1,1,3,39,per adviser,high
0,1,4,999,did not submit the last two assignments,moderate
1,5,6,9,"during my class today, caught cheating multiple times (referred by adviser)",high
4,3,1,162,"per my observation, family issues appear to be affecting grades - needs follow up",high
1,0,5,72,note: frequently late to class,moderate
2,1,1,1,adviser says minor argument with a seatmate,moderate
2,0,3,47,reported that the student family problems causing severe distress,high
1,0,5,23,adviser says found with a weapon in their bag,high
1,1,5,67,"during my class today, grades have been dropping steadily - needs follow up",moderate
1,1,6,92,"per my observation, requested a tutor for one subject, please advise",low
1,0,5,76,"during my class today, general counseling requested today",low
1,0,1,23,"per my observation, curious abot scholarship requirements, please advise",low
0,2,6,999,"during my class today, asked about shifting courses, please advise",low
1,0,6,223,reported that the student frequently late to class today,low
4,0,2,204,avoiding classmates during activities,moderate
0,0,0,999,"wanted someone to talk to about stress, please advise",low
3,1,1,103,for guidance,moderate
2,1,5,45,constantly blulying others,high
0,1,6,999,"brief chat about time management, please advise",low
1,0,5,57,note: wanted someone to talk to about stress (referred by adviser),low
5,0,2,66,note: shouted at the instructor and walked out - needs follow up,high
0,0,0,999,"per my observation, general counseling requested",low
1,0,3,130,family issues appear to be affecting grades - needs follow up,moderate
0,1,2,999,note: verbally abusive toward a classmate today,moderate
0,0,1,999,"during my class today, curious about scholarship requireents",low
1,0,1,23,"during my class today, seems a little quiet lately, nothing alarming",low
0,3,1,999,"grades have been dropping steadily, please advise",moderate
4,1,1,5,asked for study tips before midterms,high
3,2,5,5,adviser says general counseling requested today,high
0,1,2,999,adviser says did not submit the last two assinments - needs follow up,moderate
0,0,2,999,"caught cheating multiple times, please advise",moderate
5,1,3,14,"during my class today, failing all subjects this semester",high
0,2,6,999,minor misunderstanding with a classmate - needs follow up,low
2,0,5,71,"per my observation, did not submit the last two assignments.",moderate
2,2,4,292,incomplete requirements for two weeks now - needs follow up,moderate
1,0,5,15,adviser says not participating in group work today,high
0,2,5,999,not participating in group work,moderate
0,0,4,999,"requested guidance on enrollment, please advise",low
2,1,2,0,note: curious about scholarship requirements - needs follow up,high
1,0,3,43,"during my class today, shouted at the instructor and walked out, please advise",high
0,1,2,999,note: keeps using phone despite reminders,low
3,0,2,91,asked about joining an organization - needs follow up,moderate
1,1,1,2,for guidance,low
0,1,2,999,"adviser says seems withdran and unfocused lately, please advise",moderate
6,1,2,143,reported that the student seems withdrawn and unfocused lately,high
0,2,3,999,self-harm concerns raised by a classmate (referred by adviser),moderate
0,2,2,999,"distracted and unprepared for the quiz, please advise",moderate
0,2,1,999,note: asked about shifting courses today,low
0,0,1,999,curious about scholarship requirements,low
2,1,2,139,minor argument with a seatmate (referred by adviser),moderate
1,1,5,6,"per my observation, talked back to me during class",high
2,0,1,36,referred,low
1,0,0,3,asked about joining an organization,low
1,1,0,73,reported that the studetn requested guidance on enrollment - needs follow up,low
2,1,2,27,"per my observation, did not submit the last two assignments.",high
2,1,1,95,adviser says minor misunderstanding with a classmate,low
2,0,2,43,general counseling requested.,moderate
0,2,3,999,needs help organizing their schedule (referred by adviser),low
1,0,6,23,adviser says general counseling requested,moderate
0,2,4,999,"during my class today, student seems fine, following up anyway, please advise",low
0,1,0,999,follow up,low
2,0,2,27,"adviser says first time observation, nothing serious, please advise",moderate
2,2,5,16,"reported that the student student seems fine, following up anyway",moderate
2,0,1,117,reported that the student brief chat about time management,low
1,1,6,131,"during my class today, wanted someone to talk to about stress",low
4,0,3,105,note: requested a tutor for one subject - needs follow up,moderate
1,1,0,58,note: chronic truacny despite repeated warnings,moderate
0,0,1,999,has stopped attending and is unreachable (referred by adviser),moderate
1,0,6,53,"per my observation, minor misunderstanding with a classmate",low
1,0,6,26,"during my class today, self-harm concerns raised by a classmate, please advise",high
0,1,6,999,requested guidance on enrollment,low
0,0,1,999,note: wants to know about college applications.,low
1,0,5,74,occasional attendance concern worth noting today,moderate
1,0,1,20,note: appears exhausted and disengaged,moderate
1,0,2,28,note: requested a tutor for one subject,moderate
2,1,4,122,"during my class today, showing signs of emotional withdrawal (referred by adviser)",moderate
4,0,6,23,"per my observation, grades have been dropping steadily.",high
2,0,2,37,verbally abusive toward a classmate,high
1,0,2,53,"first time observation, nothing serious",moderate
1,0,1,36,"seems a little quiet lately, nothing alarming",low
1,1,2,32,reported that the student general counseling requested.,low
0,1,0,999,keeps using phone despite reminders,low
2,2,6,84,family issues appear to be affecting grades (referred by adviser),high
0,0,0,999,note: wants to know about college applications (referred by adviser),low
1,1,4,161,note: appears exhausted and disengaged.,moderate
2,0,1,267,"reported that the student brief chat about time management, please advise",low
3,1,2,1,note: distracted and unprepared for the quiz today,high
1,1,1,70,"per my observation, shouted at the instructor and walked out today",high
2,0,2,19,"during my class today, checking in for well-being",moderate
2,0,3,44,"incomplete requirements for two weeks now, please advise",high
0,0,4,999,"per my observation, first time observation, nothing serious, please advise",low
0,3,6,999,referred,moderate
1,0,1,23,"student seems fine, following up anyway",low
4,0,3,60,adviser says struggling to submit requirements on time today,high
0,0,6,999,"adviser says student seems fine, following up anyway - needs follow up",low
1,2,1,2,reported that the student brief chat about time management,moderate
0,1,6,999,"seems a little quiet lately, nothing alarming today",low
1,0,6,108,note: keeps using phone despite reminders - needs follow up,moderate
3,2,5,27,"reported that the student caught cheating multiple times, please advise",high
3,0,3,53,"during my class today, chronic truancy despite repeated warnings, please advise",high
0,0,5,999,pysically shoved another student in the hallway,moderate
2,1,2,48,reported that the student failing all subjects this semester (referred by adviser),high
1,2,3,23,"note: chronic truancy despite repeated warnings, please advise",high
1,0,6,25,seems withdrawn and unfocused lately.,moderate
2,1,1,19,note: talked back to me during class today,moderate
2,2,5,74,"adviser says first time observation, nothing serious - needs follow up",moderate
0,0,3,999,"per my observation, asked about joining an organization, please advise",low
3,0,1,115,"during my class today, minor argument with a seatmate, please advise",moderate
2,0,4,26,has stopped attending and is unreachable - needs follow up,high
0,1,5,999,"per my observation, family problems causing severe distress (referred by adviser)",moderate
0,0,3,999,"per my observation, avoiding classmates during activities.",moderate
1,0,5,240,seems withdrawn and unfocused lately today,moderate
1,0,2,1,avoiding classmates during activities,high
2,1,6,113,reported that the student minor misunderstanding with a classmate (referred by adviser),moderate
1,1,4,107,"during my class today, grades have been dropping steadily.",moderate
2,0,5,56,"per my observation, occasional attendance concern worth noting",moderate
2,1,1,124,reported that the student asked about joining an organization,low
0,1,2,999,minor argument with a seatmate.,moderate
2,0,6,174,note: missed several classes this month - needs follow up,moderate
1,0,0,18,asked for career advice - needs follow up,low
1,1,2,94,"seems a little quiet lately, nothing alarming - needs follow up",low
0,1,5,999,"per my observation, constanty bullying others.",moderate
3,2,5,279,note: vandalized school property - needs follow up,high
3,0,6,9,note: family issues appear to be affecting grades.,high
3,0,5,33,as discussed,low
1,2,6,64,"grades have been dropping steadily, please advise",moderate
2,0,2,40,note: asked for career advice (referred by adviser),moderate
2,0,4,3,"per my observation, self-harm concerns raised by a classmate.",high
0,0,5,999,"adviser says needs help organizing their schedule, please advise",low
2,1,5,40,note: frequently late to class,moderate
5,0,1,22,"note: depressed and isolated, refuses to speak",high
1,3,2,48,"per my observation, appears exhausted and disngaged today",moderate
0,2,3,999,"during my class today, grades have been dropping steadily (referred by adviser)",moderate
1,0,5,45,seems withdrawn and unfocused lately,moderate
1,2,3,30,"during my class today, did not submit the last two assignments (referred by adviser)",high
1,2,5,36,parent requested a routine check-in - needs follow up,moderate
2,1,5,116,"per my observation, self-harm concerns raised by a classmate today",high
3,0,1,127,"per my observation, seems a little quiet lately, nothing alarming today",low
1,1,4,13,reported that the student has stopped attending and is unreachable,high
1,1,3,73,asked for career advice,low
4,1,1,2,adviser says minor misunderstanding with a classmate,high
2,0,2,66,"per my observation, arrived late three times this week - needs follow up",moderate
1,1,3,19,adviser says requested guidance on enrollment (referred by adviser),moderate
1,2,5,32,reported that the student requested guidance on enrollment,moderate
1,0,2,0,"constantly bullying others, please advise",high
0,0,0,999,adviser says repeated peer conflict escalatino,moderate
0,1,2,999,reported that the student asked for career advice,low
2,0,5,2,note: has stopped attending and is unreachable (referred by adviser),high
2,1,3,39,adviser says caught cheating multiple times.,high
3,1,1,59,vandalized school property (referred by adviser),high
0,0,6,999,requested a tutor for one subject,low
4,0,1,8,"per my observation, has not attended class in weeks - needs follow up",high
3,2,1,7,asked about joining an organization,moderate
1,1,2,20,"per my observation, very aggressive behavior toward peers",high
2,0,5,62,note: showing signs of emotional withdrawal,moderate
2,1,5,67,"during my class today, avoiding classmates during activities.",moderate
2,0,0,171,"during my class today, seems a little quiet lately, nothing alarming",low
2,1,5,88,requested a tutor for one subject,moderate
3,0,5,18,"per my observation, shouted at the instructor and walked out",high
4,0,6,111,"during my class today, sometimes disruptive during discussion",moderate
2,3,6,15,"per my observation, grades have been dropping steadily, please advise",high
2,2,5,66,requested guidance on enrollment,moderate
2,0,1,41,incomplete requirements for two weeks now - needs follow up,moderate
3,1,1,20,"per my observation, grades have been dropping steadily",moderate
2,1,6,142,"depressed and isolated, refuses to speak today",high
0,0,3,999,"per my observation, wants to know about college applications",low
3,2,3,21,adviser says shouted at the instructor and walked out (referred by adviser),high
2,1,6,56,general counseling requested - needs follow up,moderate
7,1,6,140,adviser says minor argument with a seatmate.,high
2,0,5,62,adviser says minor misunderstanding with a classmate (referred by adviser),low
1,0,6,0,note: vandalized school proprety (referred by adviser),high
1,1,1,7,checking in for well-being,moderate
1,0,5,155,"per my observation, caught cheating multiple times",moderate
0,1,6,999,"needs help organizing their schedule, please advise",low
2,0,0,2,"reported that the student incomplete requirements for two weeks now, please advise",moderate
0,0,1,999,reported that the student keeps using phone despite reminders today,low
1,1,5,14,"per my observation, general counseling requested - needs follow up",moderate
2,1,3,38,note: asked for study tips before midterms (referred by adviser),moderate
1,0,0,23,referred,low
2,1,1,139,"reported that the student student seems fine, following up anyway",low
1,1,1,222,reported that the sutdent brief chat about time management,low
1,2,1,40,endorsed to guidance office,high
2,0,6,18,reported that the student curious about scholarship requirements.,moderate
3,0,4,2,showing signs of emotional withdrawal,high
1,0,5,6,"per my observation, asked for career advice",moderate
4,2,0,46,"per my observation, wants to know about college applications today",moderate
3,3,2,61,"adviser says found with a weapon in their bag, please advise",high
5,0,1,1,per adviser,high
1,0,6,88,general counseling requested,low
1,0,6,36,"per my observation, requested guidance on enrollment (referred by adviser)",low
1,0,2,190,"adviser says first time observation, nothing serious",low
1,0,6,49,"student seems fine, following up anyway.",low
1,0,0,122,"per my observation, minor misunderstanding with a classmate today",low
3,0,1,33,adviser says missed several classes this month (referred by adviser),moderate
3,0,5,75,"per my observation, occasional attendance concern worth noting - needs follow up",moderate
2,0,2,15,"per my observation, incomplete requirements for two weeks now - needs follow up",high
2,0,6,160,general counseling requested (referred by adviser),low
0,1,1,999,"per my observation, asked about shifting courses",low
5,1,5,26,"note: keeps using phone despite reminders, please advise",high
0,0,1,999,n/a,low
1,0,1,82,"during my class today, arrived late three times this week",moderate
1,0,2,18,wants to know about college applications today,moderate
0,0,6,999,did not submit the last two assignments,low
1,1,3,41,adviser says occasional attendance concern worth noting.,moderate
1,0,4,45,note: appears exhausted and disengaged,moderate
1,1,0,42,"during my class today, general counseling requested",low
3,0,0,11,"keeps using phone despite reminders, please advise",moderate
0,0,0,999,minor argument with a seatmate (referred by adviser),low
2,1,5,58,"per my observation, missed several classes this month.",moderate
1,2,1,123,brief chat about tiem management,low
4,1,1,105,seems withdrawn and unfocused lately (referred by adviser),high
1,0,4,191,adviser says wanted someone to talk to about stress,low
0,0,3,999,"adviser says first time observation, nothing serious (referred by adviser)",low
3,1,2,23,"adviser says plagiarised the entire final paper, please advise",high
0,0,0,999,n/a,low
1,1,2,5,"during my class today, general counseling requested",moderate
2,2,5,170,note: self-harm concerns raised by a classmate today,high
0,2,1,999,"note: not participating in group work, please advise",low
1,4,5,137,"first time observation, nothing serious",moderate
0,1,0,999,"adviser says first time observation, nothing serious.",low
2,1,6,39,note: family issues appear to be affecting grades - needs follow up,high
1,1,6,50,"during my class today, asked for study tips before midterms (referred by adviser)",low
1,1,0,33,"per my observation, parent requested a routine check-in",low
1,0,2,1,note: has stopped attending and is unreachable - needs follow up,high
1,2,2,106,note: minor argument with a seatmate - needs follow up,moderate
0,0,5,999,note: struggling to submit requirements on time,low
2,1,3,33,"during my class today, struggling to submit requirements on time, please advise",moderate
0,1,4,999,"during my class today, sems withdrawn and unfocused lately",low
3,0,1,19,"per my observation, not participating in group work today",moderate
1,0,0,9,"per my observation, minor argument with a seatmate (referred by adviser)",moderate
0,3,4,999,"adviser says seems a little quiet lately, nothing alarming today",low
1,1,4,1,"note: curious about scholarship requirements, please advise",moderate
1,2,5,4,curious about scholarship requirements,moderate
1,1,5,9,per adviser,high
3,0,4,42,"during my class today, family issues appear to be affecting grades, please advise",moderate
1,2,3,42,very aggressive behavior toward peers today,high
1,1,6,44,"per my observation, first time observation, nothing serious, please advise",low
1,1,5,2,"during my class today, missed several classes this month.",high
0,0,6,999,adviser says showing signs of emotional withdrawal.,low
0,2,6,999,failing all subjects this semester,moderate
2,0,2,22,note: constantly bullying others,high
1,0,5,48,reported that the student self-harm concerns raised by a classmate,high
1,3,4,38,frqeuently late to class,moderate
2,1,1,119,asked about shifting courses today,low
1,1,4,71,adviser says multiple behavioral incidents reported this month,high
0,0,2,999,adviser says seems withdrawn and unfocused lately (referred by adviser),low
2,0,2,33,wanted smeone to talk to about stress,moderate
2,2,1,0,"asked for stuy tips before midterms, please advise",moderate
0,0,5,999,see attached,low
1,1,4,133,see attached,moderate
3,0,3,104,"struggling to submit requirements on time, please advise",moderate
7,4,1,15,avoiding classmates during activities,high
3,0,3,0,"during my class today, found with a weapon in their bag, please advise",high
3,0,1,32,reported that the student repeated peer conflict escalation (referred by adviser),high
5,2,1,5,asked about joining an organization,high
0,0,2,999,"during my class today, not participating in group work.",moderate
2,0,6,15,adviser says punched a classmate in the face during my class.,high
2,0,2,34,curious about scholarship requirements - needs follow up,low
0,1,3,999,parent requseted a routine check-in.,low
2,0,6,47,adviser says grades hae been dropping steadily.,moderate
1,2,2,96,"frequently late to class, please advise",moderate
2,0,6,23,per adviser,moderate
0,0,1,999,reported that the student occasional attendance concern worth noting - needs follow up,low
2,0,2,6,"adviser says multiple behavioral incidents reported this month, please advise",high
1,0,0,14,avoiding classmates during activities,moderate
1,0,3,161,"during my class today, wanted someone to talk to about stress",low
1,0,6,5,"adviser says general counseling requested, please advise",low
2,0,4,26,minor misunderstanding with a classmate,moderate
1,0,4,0,reported that the student wanted someone to talk to about stress - needs follow up,moderate
2,1,1,79,"during my class today, minor argument with a seatmate.",moderate
5,0,6,12,adviser says incomplete requirements for two weeks now today,high
3,1,2,92,reported that the student has not attended class in weeks - needs follow up,high
2,1,1,45,requested gudance on enrollment today,low
2,1,6,63,"during my class today, shouted at the instructor and walked out",high
3,2,2,85,"per my observation, multiple behavioral incidents reported this month - needs follow up",high
2,0,2,65,"per my observation, shouted at the instructor and walked out",high
1,0,0,121,reported that the student lack of focus throughout the period,low
0,1,1,999,reported that the student family issues appear to be affecting grades - needs follow up,low
3,0,5,150,note: needs help organizing their schedule - needs follow up,low
1,2,2,88,reported that the student verbally abusive toward a classmate today,high
0,0,6,999,"note: sometimes disruptive during discussion, please advise",low
0,0,0,999,occasional attendance concern worth noting,low
1,1,4,87,note: checking in for well-being,low
0,1,5,999,shouted at the instructor and walked out - needs fololw up,moderate
0,0,4,999,reported that the student very aggressive behavior toward peers.,moderate
4,0,3,20,"reported that the student seems a little quiet lately, nothing alarming today",moderate
0,0,3,999,"during my class today, minor misunderstanding with a classmate",low
1,1,4,65,note: requestd a tutor for one subject,low
1,0,6,10,showing signs of emotional withdrawal.,moderate
1,1,1,171,reported that the student asked for study tips before midterms,low
4,1,2,181,"during my class today, failing all subjects this semester",high
0,1,4,999,"depressed and isolated, refuses to speak",moderate
2,4,1,72,"per my observation, curious about scholarship requirements",moderate
2,1,1,36,"note: general counseling requested, please advise",moderate
2,1,6,7,note: minor argument with a seatmate,high
1,0,1,141,note: asked for study tips before midterms - needs follow up,low
2,1,1,12,"during my class today, wants to know about college applications today",moderate
2,1,4,0,"adviser says student seems fine, following up anyway, please advise",moderate
4,2,0,156,note: wants to know about college applications,low
2,0,0,123,"seems a little quiet lately, nothing alarming",low
1,0,0,3,as discussed,high
1,0,1,96,checking in for well-being,low
2,0,2,70,parent requested a routine check-in,moderate
3,1,5,95,distracted and unprepared for the quiz,moderate
1,0,1,19,adviser says caught cheating multiple times,high
2,0,2,47,"note: multiple behavioral incidents reported this month, please advise",high
1,1,4,85,"per my observation, needs help organizing their schedule.",low
1,0,1,17,reported that the student wants to know about college applications (referred by adviser),moderate
1,1,2,51,"during my class today, verbally abusive toward a classmate today",high
0,1,2,999,has not attended class in weeks.,moderate
0,1,1,999,"depressed and isolated, refuses to spaek.",moderate
0,2,2,999,punched a classmate in the face during my class,moderate
2,0,0,173,"note: asked about joining an organization, please advise",low
1,1,6,0,"needs help organizing their schedule, please advise",moderate
3,1,6,3,n/a,high
2,0,6,23,"note: depressed and isolated, refuess to speak",high
3,0,0,26,note: seems withdrawn and unfocused lately,moderate
0,0,5,999,seems withdrawn and unfocused lately - needs follow up,moderate
2,0,3,181,note: incomplete requirements for two weeks now,moderate
2,0,0,7,brief chat about time management today,moderate
1,0,6,96,note: chronic truancy despite repeated warnings - needs follow up,moderate
0,1,5,999,punched a classmate in the face during my class today,high
0,1,1,999,"during my class today, asked about joining an organization",low
3,0,6,22,"during my class today, seems withdrawn and unfocused lately",high
4,0,1,3,reported that the student threatened another student after class,high
2,2,2,13,lack of focus throughout the period - needs follow up,high
1,2,1,95,minor misunderstanding with a classmate,low
1,2,1,77,advier says asked about joining an organization,low
2,0,6,3,note: not participating in group work,high
0,0,3,999,wanted someone to talk to about stress.,low
3,1,1,1,"during my class today, seems withdrawn and unfocused lately today",high
3,0,5,6,note: brief chat about time management,moderate
3,0,6,3,physically shoved another student in the hallway - needs follow up,high
0,1,6,999,"during my class today, vandalized school property - needs follow up",moderate
1,1,6,5,showing signs of emotional withdrawal,high
1,0,6,9,"during my class today, struggling to submit requirements on time, please advise",high
1,0,4,43,"note: depressed and isolated, refuses to speak - needs follow up",moderate
0,0,1,999,"adviser says asked for career advice, please advise",low
0,0,6,999,constantly blulying others,moderate
0,0,1,999,"per my observation, asked about shifting courses.",low
1,0,1,365,parent requested a routine check-in,low
1,0,2,10,note: occasional attendance concern worth noting (referred by adviser),moderate
0,1,1,999,"per my observation, has stopped attending and is unreachable.",moderate
2,0,4,13,incomplete requirements for two weeks now,high
3,0,6,16,brief chat about time management,moderate
3,4,2,42,n/a,high
1,1,3,159,for guidance,high
0,1,2,999,"during my class today, general counseling requested",low
1,0,5,34,"first time observation, nothing serious",low
1,3,1,16,note: has not attended class in weeks today,high
1,0,0,23,"during my class today, requested guidance on enrollment",moderate
1,0,4,56,"per my observation, fisrt time observation, nothing serious.",low
1,0,3,4,"during my class today, wants to know about college applications - needs follow up",moderate
1,1,2,124,"per my observation, asked about shifting courses, please advise",low
0,1,1,999,endorsed to guidance office,low
0,2,0,999,for guidance,low
0,0,4,999,reported that the student minor misunderstanding with a classmate today,low
0,0,2,999,"adviser says first time observation, nothing serious - needs follow up",low
2,0,2,87,checking in for well-being.,low
2,1,6,84,reported that the student family problems causing severe distress,high
1,0,5,35,"reported that the student very aggressive behavior toward peers, please advise",high
0,3,1,999,reported that the student keeps using phone despite reminders,low
4,1,4,34,"adviser says lack of focus throughout the period, please advise",high
0,0,1,999,did not submit the last two assignments,low
1,2,1,37,"during my class today, seems a little quiet lately, nothing alarming",low
0,0,5,999,not:e has stopped attending and is unreachable,moderate
0,0,1,999,note: did not submit the last two assignments.,low
1,2,1,72,"during my class today, struggling to submit requirements on time (referred by adviser)",moderate
0,0,6,999,adviser says incomplete requirements for two weeks now,moderate
2,2,5,35,reported that the student requested guidance on enrollment,moderate
1,2,6,213,missed several classes this month (referred by adviser),moderate
0,1,6,999,adviser says requested a tutor for one subject,low
1,2,1,174,note: asked for career advice,low
0,1,4,999,"asked for career advice, please advise",low
1,1,2,59,"during my clsas today, repeated peer conflict escalation",high
0,0,4,999,talked back to me during class,low
1,1,1,168,adviser says curious about scholarship requirements today,low
2,3,0,34,reported that the student wanted someone to talk to about stress,low
1,2,0,81,wants to know about college applications.,low
1,1,5,75,sometimes disruptive during discussion.,moderate
0,0,0,999,"per my observation, lack of focus throughout the period (referred by adviser)",low
3,1,3,8,"per my observation, frequently late to class.",high
2,0,6,21,arrived late three times this week,high
2,0,5,96,struggling to submit requirements on time (referred by adviser),moderate
2,0,2,146,note: talked back to me during class,moderate
1,0,1,0,sometimes disruptive during discussion,high
3,1,6,55,"per my observation, frequently late to class",moderate
1,2,3,55,requested guidance on enrolment,moderate
2,0,2,132,"during my class today, requested a tutor for one subject",low
1,3,6,43,curious about scholarship requirements - needs follow up,moderate
3,3,1,259,"per my observation, parent requested a routine check-in",moderate
2,1,2,45,reported that the student frequently late to class,moderate
3,2,1,256,adviser says requested guidance on enrollment.,moderate
3,0,1,4,adviser says avoiding classmates during activities,high
1,1,2,38,"asked aout shifting courses, please advise",moderate
1,1,4,33,adviser says needs help organizing their schedule,low
2,1,1,49,"per my observation, depressed and isolated, refuses to speak, please advise",high
2,1,4,69,asked about joining an organization.,moderate
0,1,5,999,follow up,moderate
0,2,6,999,seems withdrawn and unfocused lately.,moderate
2,0,0,10,"per my observation, struggling to submit requirements on time - needs follow up",moderate
0,1,5,999,"during my class today, occasional attendance concern worth noting",moderate
1,0,1,15,"during my class today, struggling to submit requirements on time, please advise",moderate
1,1,4,112,constantly bullying others (referred by adviser),moderate
1,2,2,21,wanted someone to talk to about stress.,moderate
3,0,5,66,struggling to submit requirements on time,high
0,0,1,999,reported that the student showing signs of emotional withdrawal,low
0,0,4,999,note: punched a classmate in the face during my class (referred by adviser),moderate
2,2,1,27,note: threatened another student after class,high
0,0,1,999,reported that the student wants to know about college applications (referred by adviser),low
1,1,4,111,reported that the student checking in for well-being - needs follow up,low
3,1,1,28,adviser says requested guidance on enrollment,moderate
2,0,5,40,missed several classes this month,moderate
1,2,4,13,"reported that the student student seems fine, following up anyway - needs follow up",moderate
4,1,4,72,verbally abusive toward a classmate,high
4,0,5,21,not particpating in group work.,high
2,0,5,73,requested a tutor for one subject,low
4,2,6,0,note: showing signs of emotional withdrawal,high
1,1,0,49,adviser says incomplete requirements for two weeks now,moderate
2,0,3,135,"during my class today, shouted at the instructor and walked out (referred by adviser)",high
3,0,5,36,parent requested a routine check-in (referred by adviser),moderate
2,0,1,86,general counseling requested - needs follow up,low
4,3,1,56,note: asked for study tips before mitderms,moderate
1,1,1,30,"adviser syas first time observation, nothing serious",moderate
1,0,3,54,note: shouted at the instructor and walked out (referred by adviser),high
1,0,2,66,"during my class today, first time observation, nothing serious, please advise",low
2,2,4,122,"adviser says student seems fine, following up anyway today",low
1,0,4,31,note: talked back to me during class today,moderate
1,1,4,56,"per my observation, general counseling requested - needs follow up",low
1,0,1,8,note: arrived late three times this week today,moderate
1,1,5,50,"reported that the student curous about scholarship requirements, please advise",low
1,2,4,248,"per my observation, wanted someone to talk to about stress today",low
1,0,1,56,n/a,moderate
2,1,1,6,"reported that the student first time observation, nothing serious today",moderate
1,0,1,14,curious about scholarship requirements,low
1,0,6,66,reported that the student asked for study tips before midterms,low
4,0,1,21,wants to know about college applications,moderate
4,1,0,15,"per my observation, brief chat about time management today",moderate
2,0,1,71,reported that the student requested a tutor for one subject.,low
4,1,0,72,"per my observation, minor argument with a seatmate",moderate
0,1,2,999,"during my class today, vandalized school property, please advise",moderate
0,1,5,999,requested guidance on enrollment,low
1,1,2,44,see attached,moderate
3,1,5,12,note: asked about shifting courses today,moderate
1,2,0,58,adviser says did not submit the last two assignments,moderate
1,0,2,38,"per my obsrvation, repeated peer conflict escalation.",moderate
0,0,5,999,reported that the student asked about joining an organization,low
0,2,4,999,wanted someone to talk to about stress - needs follow up,low
1,0,6,84,"during my class today, constantly bullying others",moderate
3,1,1,16,as discussed,moderate
0,0,3,999,adviser says incomplete requirements for two weeks now today,moderate
1,0,4,13,adviser says asked for career advice (referred by adviser),low
2,1,1,27,wanted someone to talk to about stress,moderate
0,1,5,999,"parent requested a routine check-in, please advise",low
1,0,1,11,reported that the student found with a weapon in their bag,high
1,1,0,1,"per my observation, very aggressive behavior toward peers - needs follow up",high
2,0,5,213,adviser says appears exhausted and disengaged - needs follow up,moderate
0,0,5,999,physically shoved another student in the hallway,moderate
1,2,6,0,note: asked for career advice,moderate
0,0,6,999,as discussed,low
2,1,1,7,"asked about joining an organization, please advise",high
1,1,4,107,"during my class today, first time observation, nothing serious, please advise",low
1,0,6,50,adviser says occasional attendance concern worth noting,moderate
2,1,1,58,"note: first time observation, nothing serious",low
0,0,2,999,reported that the student missed several classes this month - needs follow up,low
2,1,6,27,"note: occasional attendance concern worth noting, please advise",high
3,1,1,0,note: plagiarised the entire final paper,high
2,0,6,27,adviser says curious about scholarship requirements.,moderate
1,1,2,17,"per my observation, general counseling requested, please advise",moderate
0,0,6,999,"threatened another student after class, please advise",moderate
2,2,4,82,"first time observation, nothing serious today",moderate
0,2,4,999,reported that the student showing signs of emotional withdrawal,moderate
2,1,5,66,reported that the student not participating in group work,high
0,0,0,999,"during my class today, requested guidance on enrollment, please advise",low
2,2,4,118,asked for study tips before midterms (referred by adviser),low
3,1,6,147,appears exhausted and disengaged today,moderate
2,0,6,3,reported that the student showing signs of emotional withdrawal,high
5,2,6,126,adviser says needs help organizing their schedule,moderate
1,2,4,60,"threatened another student after class, please advise",high
0,0,4,999,"during my class today, student seems fine, following up anyway",low
2,0,3,161,family problems causing severe distress.,high
1,0,4,10,"durign my class today, needs help organizing their schedule today",low
1,2,4,54,curious about scholarship requirements - needs follow up,moderate
0,1,0,999,adviser says general counseling requested (referred by adviser),low
1,0,0,5,"first time observation, nothing serious",moderate
1,1,4,41,adviser says seems withdrawn and unfocused lately,moderate
2,1,1,17,for guidance,moderate
0,0,1,999,reported that the student needs help organizing their schedule,low
0,1,1,999,"note: curious about scholarship requirements, please advise",low
2,0,5,45,found with a weapon in their bag today,high
2,1,6,36,"per my observation, checking in for well-being",low
4,3,4,220,"during my class today, checking in for well-being - needs follow up",moderate
0,1,6,999,distracted and unprepared for the quiz.,moderate
0,0,6,999,"per my observation, asked about joining an organization today",low
1,2,1,161,reported that the student grades have been dropping steadily today,moderate
4,1,1,13,"per my observation, asked for study tips before midterms, please advise",moderate
1,0,1,63,"during my class today, parent requested a routine check-in.",low
4,0,0,133,distracted and unprepared for the quiz.,moderate
3,1,3,35,referred,high
0,0,1,999,"per my observation, distracted and unprepared for the quiz today",low
1,2,6,16,note: sometimes disruptive during discussion today,high
3,2,4,6,"student seems fine, following up anyway, please advise",high
1,0,2,13,"per my observation, has stopped attending and is unreachable.",high
2,1,6,49,"reported that the student family issues appear to be affecting grades, please advise",high
0,2,6,999,"minor misunderstanding with a classmate, please advise",low
0,1,5,999,curious about scholarship requirements - needs follow up,low
2,1,5,23,per adviser,high
0,1,6,999,"during my class today, wanted someone to talk to about stress (referred by adviser)",low
1,2,4,85,"during my class today, requested a tutor for one subject (referred by adviser)",low
5,0,6,9,minor misunderstanding with a classmate.,moderate
0,2,0,999,reported that the student general counseling requested (referred by adviser),low
0,1,3,999,"per my observation, threatened another student after class",moderate
1,0,3,60,"per my observation, first time observation, nothing serious (referred by adviser)",moderate
3,1,0,12,asked about joining an organization.,moderate
2,0,0,7,minor argument with a seatmate - nedes follow up,moderate
4,1,0,7,"has stopped attending and is unreachable, please advise",high
2,2,1,59,"note: wanted someone to talk to about stress, please advise",low
1,0,0,118,needs help organizing their schedule.,low
0,0,2,999,distracted and unprepared for the quiz,low
1,2,5,147,for guidance,high
1,0,4,69,,low
1,0,4,258,"reported that the student depressed and isolated, refuses to speak, please advise",moderate
1,0,0,134,"adviser says seems a little quiet lately, nothing alarming, please advise",low
1,1,5,111,parent requested a routine check-in (referred by adviser),low
1,1,1,73,"occasional attendance concern worth noting, please advise",moderate
3,0,1,67,wanted someone to talk to about stress (referred by adviser),moderate
2,1,3,58,note: asked about joining an organization,moderate
3,1,6,106,not participating in group work - needs follow up,high
1,1,6,4,"per my obsevration, seems withdrawn and unfocused lately.",high
1,2,5,7,"per my observation, curious about scholarship requirements",moderate
3,1,5,107,"not: wants to know about college applications, please advise",low
1,0,3,67,adviser says self-harm concerns raised by a classmate,high
2,1,4,22,minor argument with a seatmate,high
1,3,1,72,adviser says seems withdrawn and unfocused lately,moderate
1,1,1,36,"seems a little quiet lately, nothing alarming, please advise",low
1,0,6,3,"reported that the student seems a little quiet lately, nothing alarming",moderate
1,0,6,33,as discussed,moderate
1,3,1,44,adviser says incomplete requirements for two weeks now,moderate
0,0,1,999,"per my observation, student seesm fine, following up anyway.",low
1,1,1,131,checking in for well-being - needs follow up,low
0,1,2,999,reported that the student family issues appear to be affecting grades,low
1,0,1,56,physically shoved another student in the hallway.,moderate
2,3,4,4,"during my class today, curious about scholarship requirements",moderate
0,0,0,999,"adviser says brief chat about time management, please advise",low
1,2,1,23,"during my class today, curious about scholarship requirements - needs follow up",moderate
3,1,1,249,"during my class today, vandalized scholo property",high
3,0,5,41,note: wants to know about college applications,moderate
1,2,1,20,,high
0,0,2,999,minor misunderstanding with a classmate today,low
3,2,4,1,talked back to me during class,high
1,0,5,25,"per my observation, seems a little quiet lately, nothing alarming, please advise",moderate
2,3,1,22,"during my class today, parent requested a routine check-in, please advise",moderate
4,3,5,28,adviser says has stopped attending and is unreachable,high
1,1,1,33,general counseling requested,low
1,1,4,33,reported that the student family issues appear to be affecting grades,moderate
2,0,2,13,adviser says not participating in group work,moderate
2,0,6,9,reported that the student occasional attendance concern worth noting,moderate
0,1,6,999,note: frequently late to class,moderate
0,1,5,999,reported that the student distracted and unprepared for the quiz - needs follow up,moderate
2,0,6,97,keps using phone despite reminders,low
2,0,1,22,"seems a little quiet lately, nothing alarming",moderate
0,2,4,999,,moderate
2,1,1,8,asked about shifting courses today,moderate
1,3,1,24,referred,high
4,1,3,114,adviser says minor misunderstanding with a classmate,moderate
2,0,5,17,"requested guidance on enrollment, please advise",moderate
0,0,5,999,"reported that the student requested a tutor for one subject, please advise",low
1,0,6,51,"adviser says parent requested a routine check-in, please advise",low
3,0,3,33,referred,moderate
1,1,6,61,endorsed to guidance office,high
2,2,6,183,note: asked about shifting courses (referred by adviser),moderate
1,1,5,54,"during my class today, family problems causing severe distress",high
2,0,1,55,adviser says failing all subjects this semester,high
0,0,3,999,found with a weapon in their bag today,moderate
1,1,5,26,not participating in group work - needs follow up,moderate
0,3,6,999,note: checking in for well-being,low
2,2,0,20,reported that the student grades have been dropping steadily - needs follow up,high
2,2,1,31,grades have been dropping steadily - needs follow up,moderate
0,0,1,999,has stopped attending and is unreachable - needs follow up,moderate
1,0,1,32,reported that the student brief chat about time management today,low
2,1,5,0,"depressed and isolated, refuses to speak, please advise",high
0,1,0,999,note: incomplete requirements for two weeks now today,moderate
3,3,2,175,"per my observation, avoiding classmates during activities.",high
3,0,5,40,"per my observation, appears exhausted and disengaged, please advise",high
2,1,2,61,adviser says talked back to me during class - needs follow up,moderate
2,2,1,107,"adviser says asked for career advice, please advise",moderate
0,1,4,999,n/a,low
2,1,3,11,"during my class today, caught cheating multiple times (referred by adviser)",high
1,1,6,83,wants to know about college applications (referred by adviser),low
0,1,5,999,talked back to me during class today,low
2,1,6,102,self-harm concerns raised by a classmate.,moderate
2,0,1,181,"reported that the student seems a little quiet lately, nothing alarming (referred by adviser)",low
1,1,5,4,keeps using phone despite reminders today,high
0,0,3,999,adviser says brief chat about time management today,low
1,0,5,243,requested guidance on enrollment,low
1,0,2,91,has not attended class in weeks,high
3,3,1,165,"distracted and unprepared for the quiz, please advise",moderate
2,2,0,6,"per my observation, asked for career advice - needs follow up",moderate
1,0,5,88,adviser says punched a classmate in the face during my class today,high
0,2,5,999,asked for study tips before midterms - needs follow up,low
2,1,1,265,"first time observation, nothing serious",low
2,0,4,110,"adviser says missed several classes this month, please advise",moderate
1,1,5,125,adviser says threatened another student after class today,moderate
2,2,3,76,"adviser says keeps uisng phone despite reminders, please advise",high
1,2,1,9,"note: depressed and isolated, refuses to speak",high
1,1,6,65,"during my class today, avoiding classmates during activities today",moderate
6,0,4,36,verbally abusive toward a classmate,high
3,0,5,28,"during my class today, wants to know about college applications",moderate
2,0,4,32,sometimes disruptive during discussion.,moderate
0,0,5,999,see attached,moderate
2,1,1,84,reported that the student not participating in group work,moderate
1,1,6,3,requetsed a tutor for one subject,moderate
5,1,1,114,"note: multiple behavioral incidents reported this month, please advise",high
1,2,5,3,reported that the student lack of focus throughout the period,high
0,1,6,999,adviser says requested a tutor for one subjct - needs follow up,low
3,2,4,37,adviser says asked for study tips before midterms (referred by adviser),moderate
1,0,3,99,"during my class today, threatened another student after class - needs follow up",moderate
1,0,1,81,"during my class today, frequently late to class",moderate
2,2,2,195,advier says family problems causing severe distress,high
0,0,4,999,"per my observation, constantly bullying others",moderate
3,0,0,20,requested guidance on enrollment.,low
2,1,1,13,arrived late three times this week.,moderate
0,0,6,999,punched a classmate in the face during my class,moderate
1,1,1,101,note: brief chat about time management today,low
1,1,1,38,"during my class today, brief chat about time management",low
1,1,1,86,n/a,moderate
0,0,4,999,found with a weapon in their bag,moderate
2,0,2,8,"during my class today, missed several classes this month",high
0,3,5,999,adviser says missed several classes this month - needs follow up,moderate
0,0,3,999,note: missed several classes this month,low
0,0,0,999,"during my class today, asked for study tips before midetrms today",low
1,2,2,26,"during my class today, asked for caeer advice, please advise",moderate
3,1,0,28,arrived late three times this wek,moderate
1,1,5,97,"per my observation, self-harm concerns raised by a classmate today",high
2,0,1,43,"per my observation, curious about scholarship requirements.",low
0,2,1,999,"note: seems a little quiet lately, nothing alarming.",low
3,0,2,25,note: sometimes disruptive during discussion,high
1,1,1,33,reported that the student asked for career advice,low
3,1,3,52,repeated peer conflict escalation (referred by adviser),high
2,0,2,242,"during my class today, requested a tutor for one subject",low
2,0,6,4,"during my class today, repeated peer conflict escalation - needs follow up",high
0,0,0,999,"during my class today, wanted someone to talk to about stress",low
1,1,3,113,adviser says requested guidance on enrollment.,low
1,1,5,7,keeps using phone despite reminders.,high
0,1,1,999,"during my class today, self-harm concerns raised by a classmate",moderate
0,0,4,999,reported that the student asked for study tips before midterms,low
0,2,6,999,"during my class today, wanted someone to talk to about stress today",low
0,0,5,999,note: found with a weapon in their bag today,moderate
2,1,6,82,"during my class today, curious about scholarship requirements (referred by adviser)",moderate
3,0,5,15,"reported that the student multiple behavioral incidents reported thsi month, please advise",high
1,0,2,37,"per my observation, asked for career advice",low
3,0,6,16,reported that the student plagiarised the entire final paper.,high
3,1,1,62,"during my class today, depressed and isolated, refuses to speak today",high
1,1,3,47,note: asked about joining an organization today,low
3,0,5,12,occasional attendance concern worth noting,moderate
1,1,6,38,reported that the student general counseling requested - needs follow up,low
0,0,6,999,adviser says arrived late three tims this week.,low
1,1,0,12,"student seems fine, following up anyway",low
1,0,5,32,reported that the student chronic truancy despite repeated warnings.,high
2,0,1,26,not participating in group work today,moderate
3,1,5,149,note: wants to knwo about college applications - needs follow up,low
1,2,5,1,"during my class today, requested a tutor for one subject (referred by adviser)",high
1,0,1,97,note: struggling to submit requirements on time - needs follow up,low
2,1,5,14,"checking in for well-being, please advise",moderate
1,2,2,2,reported that the student asked for career advice,moderate
2,1,3,26,"arrived late three times this week, please advise",high
2,1,6,36,minor misunderstanding with a classmate (referred by adviser),moderate
2,1,4,145,"per my observation, keeps uisng phone despite reminders.",moderate
3,1,3,10,"seems withdrawn and unfocused lately, please advise",high
0,1,0,999,adviser says family issues appear to be affecting grades - needs follow up,low
1,1,1,74,"during my class today, asked for study tips before midterms - needs follow up",low
1,0,0,6,minor misunderstanding with a classmate (referred by adviser),moderate
1,1,1,107,adviser says occasional attendance concern worth noting,moderate
0,0,1,999,"during my class today, wanted someone to talk to about stress",low
3,1,3,193,"per my observation, lack of focus throughout the period",high
0,0,4,999,"per my observation, failing all subjects this semester today",moderate
1,0,1,145,"during my class today, general counseling requested today",low
3,2,4,4,avoiding classmates during activities.,high
1,0,6,22,very aggressive behavior toward peers (referred by adviser),high
3,1,1,11,family issues appear to be affecting grades (referred by adviser),high
1,2,4,170,frequently late to class,moderate
1,1,0,50,adviser says distracted and unprepared for the quiz - needs follow up,low
1,1,3,43,note: self-harm concerns raised by a classmate,high
2,4,5,16,grads have been dropping steadily,high
0,1,0,999,note: curious about scholarship requirements.,low
1,0,1,73,note: brief chat about time management,low
0,0,6,999,asked about shifting courses - needs follow up,low
1,0,1,365,asked for career advice,low
1,0,5,27,"note: occasional attendance concern worth noting, please advise",moderate
3,1,4,70,"note: first time observation, nothing serious.",moderate
3,2,1,26,reported that the student keeps using phoen despite reminders.,high
0,1,5,999,physically shoved another student in the hallway today,moderate
2,0,3,62,"per my observation, shouted at the instructor and walked out.",high
2,0,1,51,note: asked for career advice (referred by adviser),low
0,0,6,999,"reported that the student grades have been dropping steadily, please advise",low
0,0,2,999,"during my class today, vandalized school property - needs follow up",moderate
3,1,5,34,occasional attendance concern worth noting,high
0,0,1,999,"reported that the student student seems fine, following up anyway (referred by adviser)",low
0,1,1,999,disracted and unprepared for the quiz,low
3,3,5,63,chronic truancy despite repeated warnings (referred by adviser),high
2,1,4,17,reported that the student requested guidance on enrollment (referred by adviser),moderate
2,2,1,29,reported that the student requested guidance on enrollment today,moderate
2,2,5,74,struggling to submit requirements on time,high
1,1,3,51,not participating in group work,moderate
2,1,1,72,note: asked about joining an organization today,low
1,0,5,6,"during my calss today, showing signs of emotional withdrawal today",high
2,0,4,52,adviser says needs help organizing their schedule,low
0,3,3,999,found with a weapon in their bag today,high
3,0,5,84,multiple behavioral incidents reported this month,high
1,2,3,28,"per my observation, needs help organizing their schedule",moderate
2,0,6,22,reported that the student failing all subjects this semester,high
0,0,5,999,reported that the student sometimes disruptive during discussion,moderate
0,2,2,999,reported that the student multiple behavioral incidents reported this month today,high
0,3,2,999,reported that the student very aggressive behavior toward peers,high
0,1,6,999,"per my observation, general counseling requested",low
2,3,6,57,distracted and unprepared for the quiz.,moderate
1,0,1,15,"during my class today, asked about joining an organization.",low
1,0,1,11,reported that the student asked for study tips before midterms,moderate
1,1,2,73,arrived late three times this week - needs follow up,moderate
1,4,6,88,minor argument with a seatmate today,high
2,2,6,3,reported that the student curious about scholarship requirements today,high
0,0,5,999,minor misunderstanding with a classmate (referred by adviser),low
3,2,1,40,"adviser says requested a tutor for one subject, pease advise",moderate
1,0,6,54,"adviser says requested guidance on enrollment, please advise",low
2,2,0,8,adviser says sometimes disruptive during discussion (referred by adviser),moderate
1,0,2,105,note: distracted and unprepared for the qiz,moderate
1,2,2,103,"brief chat about time management, please advise",low
2,0,3,31,adviser says distracted and unprepared for the quiz,moderate
1,1,3,112,adviser says occasional attendance conecrn worth noting (referred by adviser),moderate
2,1,1,47,"during my class today, avoiding classmates during activities",moderate
0,1,1,999,reported that the student sometimes disruptive during discussion today,low
2,0,5,5,adviser says checking in for well-being,moderate
0,0,0,999,"per my observation, wanted someone to talk to about stress",low
2,0,2,37,occasional attendance concern worth noting,high
2,0,1,46,adviser says showing signs of emotional withdrawal,moderate
3,1,1,92,endorsed to guidance office,moderate
1,0,1,15,adviser says plagiarised the entire final paper,moderate
1,1,5,10,reported that the student requested a tutor for one subject.,moderate
1,2,2,35,minor misunderstanding with a classmate,moderate
3,1,1,29,self-harm concerns raised by a classmate,high
1,2,5,18,sometimes disruptive during discussion,moderate
4,1,0,48,"during my class today, brief chat about time management - needs follow up",low
1,2,5,13,"during my class today, checking in for well-being today",moderate
0,3,1,999,see attached,moderate
1,2,6,67,"parent requested a routine check-in, please advise",low
3,2,0,43,"punched a classmate in the face during my class, please advise",high
3,1,3,0,requested guidance on enrollment,high
0,2,4,999,showing signs of emotional withdrawal,moderate
2,0,3,81,mnior argument with a seatmate,moderate
1,0,5,73,requested a tutor for one subject,low
2,1,1,20,note: talked back to me during class today,moderate
3,3,2,23,note: occasional attendance concern worth noting - needs follow up,high
1,1,6,48,reported that the student did not submit the last two assignments,moderate
2,1,6,29,minor argument with a seatmate - needs follow up,moderate
0,1,2,999,"reported that the student not participating in group work, please advise",low
1,0,3,123,reported thta the student constantly bullying others,high
4,3,5,57,family issues appera to be affecting grades today,high
3,1,5,22,"during my class today, struggling to submit requirements on time.",high
1,3,6,12,adviser says occasional attendance concern worth noting,high
2,1,5,12,adviser says distracted and unprepared for the quiz,high
1,2,2,37,"per my observation, checking in for well-being today",moderate
2,0,4,202,adviser says avoiding classmates during activities (referred by adviser),moderate
0,0,2,999,general counseling requested,low
1,0,1,36,"during my class toady, failing all subjects this semester, please advise",high
1,0,5,16,as discussed,moderate
1,0,4,71,reported that the studetn asked for career advice today,low
0,1,0,999,"per my observation, asked about shifting courses - needs follow up",low
2,0,4,0,"during my class today, curious about scholarship requirements",moderate
2,1,1,140,note: sometimes disruptive during discussion,moderate
1,0,0,41,"student seems fine, following up anyway, please advise",low
0,1,4,999,"during my class today, occasional attendance concern worth noting",moderate
3,0,5,8,reported that the student failing all subjects this semester.,high
1,1,3,150,general counseling requested today,low
1,0,0,45,adviser says requested a tutor for one subject today,low
1,0,3,8,self-harm concerns raised by a classmate,high
1,0,0,36,avoiding classmates during activities,low
0,1,6,999,note: talked back to me during class today,moderate
2,0,1,29,"adviser says student seems fine, following up anyway today",moderate
1,0,6,6,reported that the student has not attended class in weeks,high
0,1,0,999,reported that the student asked about shifting courses,low
1,1,0,173,"per my observation, brief chat about time management, please advise",low
1,1,2,50,reported that the student praent requested a routine check-in,moderate
2,0,5,40,adviser says showing signs of emotional withdrawal,moderate
0,1,6,999,reported that the student parent requested a routine check-in,low
2,2,3,31,"during my class today, curious about scholarship requirements today",moderate
2,0,2,50,minor misunderstanding with a classmate today,moderate
1,1,0,157,asked for career advice (referred by adviser),low
1,2,3,55,reported that the student verbally abusive toward a classmate (referred by adviser),high
1,2,2,17,adviser says threatened another student after class today,high
2,0,6,0,lack of focus throughout the period,moderate
5,1,2,46,note: frequently late to class,high
1,0,5,69,frequently late to class today,moderate
1,1,5,147,note: verbally abusive toward a classmate - needs follow up,moderate
0,1,0,999,requested guidance on enrollment,low
1,0,2,61,"self-harm concerns raised by a classmate, please advise",high
2,1,6,21,adviser says frequently late to class.,high
1,1,2,46,note: distracted and unprepared for the quiz,moderate
2,1,3,90,"during my class today, wants to know about college applications",moderate
0,1,6,999,"during my class today, incomplete requirements for two weeks now (referred by adviser)",low
1,0,1,36,"minor misunderstanding with a classmate, please advise",low
2,0,6,57,reported that the student asked for study tips before midterms,moderate
1,0,2,58,adviser says missed several classes this month.,moderate
1,1,3,19,n/a,high
2,0,1,16,ntoe: asked for career advice,low
2,1,3,80,shouted at the instructor and walked out (referred by adviser),high
2,0,0,113,"per my observation, family issues appear to be affecting grades, please advise",low
0,0,0,999,referred,low
0,0,2,999,note: verbally abusive toward a classmate,moderate
1,2,1,82,for guidance,moderate
3,1,4,15,"requested guidance on enrollment, please advise",moderate
1,1,0,170,,moderate
1,0,1,80,"during my class today, wants to know about college applications.",low
3,0,1,17,"per my observation, requested a tutor for one subject",moderate
1,0,2,32,note: repeated peer conflict escalation - needs follow up,high
2,1,1,22,"per my observation, avoiding classmates during activities",moderate
2,0,1,4,"depressed and isolated, refuses to speak",high
3,0,3,188,reported that the student struggling to submit requirements on time,moderate
2,5,5,16,checking in for well-being today,high
2,0,4,40,"not participating in group work, please advise",moderate
4,0,1,4,note: talked back to me during class - needs follow up,high
2,0,6,33,"per my observation, requested guidance on enrollment",low
0,1,4,999,"per my observation, student seems fine, following up anyway",low
3,0,4,65,"during my class today, verbally abusive toward a classmate",high
1,1,1,107,showing signs of emotional withdrawal,moderate
1,0,1,5,"during my class today, checking in for well-being",moderate
3,0,2,0,incomplete requirements for two weeks now,high
3,1,1,45,"per my observation, sometimes dirsuptive during discussion",moderate
2,0,4,26,needs help organizing their schedule,moderate
2,0,1,173,adviser says missed several classes this month,moderate
0,1,1,999,missed several classes this month - needs follow up,low
1,0,1,13,adviser says lack of focus throughout the period.,moderate
3,2,1,12,reported that the student requested a tutor for one subject,moderate
0,0,2,999,repeated peer conflict escalation,moderate
2,0,0,4,requested a tutor for one subject,low
0,1,3,999,note: found with a weapon in their bag.,moderate
0,3,1,999,asked for study tips before midterms.,low
1,3,3,25,adviser says not participating in group wrok,high
2,3,6,89,reported that the student occasional attendance concern worth noting - needs follow up,high
4,1,6,142,"adviser says brief chat about time management, please advise",moderate
2,2,3,91,note: curious about scholarship requirements.,moderate
0,0,2,999,"during my class today, depressed and isolated, refuses to speak.",moderate
1,0,4,55,general counseling requested,low
0,2,6,999,family issues appear to be affecting grades,moderate
0,0,2,999,reported that the student needs help organizing their schedule.,low
1,2,0,49,"per my observation, minor argument with a seatmate (referred by adviser)",moderate
1,0,5,9,adviser says wanted someone to talk to about stress (referred by adviser),moderate
2,0,0,241,asked about joining an organization (referred by adviser),low
2,0,5,15,reported that the student punched a classmate in the face during my class - neds follow up,high
2,1,0,9,"per my observation, minor misunderstanding with a classmate.",moderate
2,1,1,50,reported that the student talked back to me during class,moderate
1,0,5,3,note: incomplete requirements for two weeks now today,high
0,0,4,999,,moderate
0,0,3,999,"student seems fine, following up anyway, please advise",low
0,0,5,999,"during my class today, seems withdrawn and unfocused lately - needs follow up",low
0,1,6,999,note: requested guidance on enrollment,low
2,1,2,129,lack of focus throughout the period (referred by adviser),moderate
1,0,6,109,"per my observation, missed several classes this month - needs follow up",moderate
1,0,2,103,minor misunderstanding with a classmate,low
1,1,1,64,"during my class today, seems a little quiet lately, nothing alarming - needs follow up",low
3,1,5,17,"student seems fine, following up anyway",moderate
1,2,2,2,reported that the student vandalized school property,high
4,0,6,263,"reported that the student asked about shifting courses, please advise",moderate
2,0,0,54,"during my class today, student seems fine, following up anyway",low
0,0,1,999,adviser says minor misunderstanding with a classmate.,low
0,1,0,999,adviser says self-harm concerns raised by a classmate,moderate
1,1,4,89,minor argument with a seatmate,moderate
0,0,5,999,endorsed to guidance office,low
0,1,2,999,per adviser,moderate
1,1,0,33,endorsed to guidance office,high
0,0,2,999,"per my observation, verbally abusive toward a classmate",moderate
1,0,1,107,"adviser says distracted and unprepared for the quiz, please advise",moderate
3,2,4,0,n/a,high
1,0,4,23,reported that the student incomplete requirements for two weeks now - needs follow up,high
1,1,1,59,"note: first time observation, nothing serious - needs follow up",low
0,2,2,999,endorsed to guidance office,low
1,0,4,8,"during my class today, minor argument with a seatmate, please advise",moderate
0,2,1,999,"reported that the student student seems fine, following up anyway.",low
1,1,2,32,note: parent requested a routine check-in today,low
0,1,4,999,showing signs of emotional withdrawal,low
0,1,2,999,constantly bullying others - needs follow up,moderate
0,0,0,999,"during my class today, checking in for well-being - needs follow up",low
1,1,1,2,family problems causing severe distress,high
2,1,5,125,endorsed to guidance office,moderate
2,1,1,30,showing signs of emotional withdrawal,high
0,0,5,999,adviser says failing all subjects this semester,moderate
2,1,2,88,note: missed several classes this month today,moderate
1,0,2,112,"during my class today, checking in for well-being, please advise",low
1,0,5,45,note: parent requested a routine check-in,moderate
2,1,2,2,"during my class today, not participating in group work",high
0,2,1,999,"per my observation, first time observation, nothing serious",low
2,0,1,57,"during my class today, wanted someone to talk to about stress",low
1,0,4,64,minor misunderstanding with a classmate,low
3,0,2,9,chronic truancy despite repeated warings,high
1,1,5,4,"arrived late three tmes this week, please advise",high
2,0,2,8,"during my class today, lack of focus throughout the period (referred by adviser)",high
2,0,2,13,adviser says constantly bullying others.,high
3,0,1,312,"during my class today, wants to know about college applications",low
5,0,1,60,"during my class today, appears exhausted and disengaged",high
2,1,5,88,"per my observation, did not submit the last two assignments, please advise",moderate
2,0,0,92,appears exhausted and disengaged.,low
2,0,6,127,note: threatened another student after class today,moderate
0,0,0,999,adviser says has stopped attending and is unreachable,moderate
2,0,3,23,n/a,moderate
1,0,0,89,"adviser says requested guidance on enrollment, please advise",low
3,0,5,177,"per my observation, grades have been dropping steadily",moderate
2,0,1,94,asked about joining an organization tday,low
1,1,3,15,constantly bullying others,high
3,0,6,19,"seems a little quiet lately, nothing alarming - needs follow up",moderate
0,1,4,999,note: grades have been dropping steadily,low
2,2,1,76,adviser says curious about scholarship requirements,low
0,0,5,999,note: lack of focus throughout the period (referred by adviser),moderate
1,1,2,174,self-harm concerns raised by a classmate,high
1,0,0,17,adviser says appears exhausted and disengaged,moderate
1,1,2,209,adviser says needs help organizing their schedule (referred by adviser),low
1,3,5,12,wanted someone to talk to about stress,moderate
2,1,2,0,"very aggressive behavior toward peers, please advise",high
0,4,5,999,see attached,high
2,0,5,117,"during my class today, wants to know about college applications - needs follow up",low
0,1,2,999,"per my observation, threatened another student after class",high
0,0,1,999,"during my class today, failing all subjects this semester",moderate
3,0,5,1,"per my observation, incomplete requirements for two weeks now",high
2,1,2,85,"reported that the student shouted at the instructor and walked out, please advise",high
0,0,1,999,failing all subjects ths semester today,moderate
2,0,1,28,"per my observation, needs help organizing their schedule",low
2,0,6,73,"per my observation, asked for study tips before midterms",moderate
1,0,1,12,"has stopped attending and is unreachable, please advise",moderate
2,0,1,0,grades have been dropping steadily (referred by adviser),high
0,1,1,999,adviser says incomplete requirements for two weeks now,low
3,0,0,93,"per my observation, asked for career advice",low
6,0,6,28,as discussed,high
1,1,3,113,follow up,moderate
2,0,5,7,"during my class today, occasional attendance concern worth noting",high
0,0,5,999,note: showing signs of emotional withdrawal today,moderate
5,1,2,11,missed several classes this month,high
1,4,5,20,adviser says appears exhausted and disengaged,high
1,0,6,14,"during my class today, avoiding classmates during activities (referred by adviser)",moderate
3,0,5,84,incomplete requirements for two weeks now (referred by adviser),high
1,0,5,140,note: requested a tutor for one subject - needs follow up,low
1,0,2,21,adviser says not participating in group work today,moderate
2,1,5,207,note: threatened another student after class (referred by adviser),high
1,0,0,2,arrived late three times this week,moderate
0,1,5,999,reported that the student asked for career advice (referred by adviser),low
0,0,2,999,n/a,moderate
3,0,3,52,avoiding classmates during activities.,high
2,1,6,129,"during my class today, asked for study tips before midterms",low
1,1,4,32,"student seems fine, following up anyway",low
2,0,0,44,"during my class today, asked for study tips before midterms",low
1,1,5,144,per adviser,high
1,0,6,6,reported that the student requested a tutor for one subject.,moderate
2,0,4,132,"per my obseration, curious about scholarship requirements (referred by adviser)",low
0,0,6,999,note: curious about scholarship requirements today,low
1,1,5,45,"reported that the student family issues appear to be affecting grades, please advise",moderate
1,2,6,20,"during my class today, shouted at the instructor and walked out (referred by adviser)",high
1,0,1,110,general counseling reuested (referred by adviser),low
2,1,2,67,adviser says verbally abusive toward a classmate (referred by adviser),high
1,1,5,37,"during my class today, did not submit the lat two assignments - needs follow up",moderate
1,2,6,160,asked for study tips before midterms,moderate
2,2,1,61,follow up,high
6,0,1,74,asked for study tips before midterms - needs follow up,moderate
2,0,1,161,,low
1,0,5,94,reported that the student asked about joining an organization,low
1,1,6,158,"note: first time observation, nothing srious",low
1,0,3,6,note: sometimes disruptive during discussion.,high
0,1,1,999,"adviser says student seems fine, following up anywy",low
4,1,1,68,asked for study tips before midterms today,moderate
2,1,6,71,grades have been dropping steadily today,moderate
1,1,1,32,"per my observation, curious about scholarship requirements (referred by adviser)",low
2,0,1,144,"during my class today, did not submit the last two assignments - needs follow up",moderate
2,0,1,54,"during my class today, avoiding classmates during activities today",moderate
1,0,5,47,reported that the student seems withdrawn and unfocused lately - needs follow up,moderate
0,1,2,999,waned someone to talk to about stress,low
1,0,1,9,"during my class today, wants to know about college applications (referred by adviser)",low
0,0,1,999,adviser says arrived late three times this week (referred by adviser),low
1,1,6,33,avoiding classmates during activities,low
2,0,2,43,as discussed,moderate
1,3,2,72,reported that the student caught cheating multiple times - needs follow up,high
1,0,1,68,brief chat about time management - needs follow up,low
1,2,1,41,for guidance,high
1,0,5,33,reported that the student family issues appear to be affecting grades - needs follow up,moderate
0,0,5,999,reported that the student minor argument with a seatmate,moderate
3,1,2,42,adviser says failing all subjects this semester today,high
0,1,6,999,note: parent requested a routine check-in,low
1,1,2,12,failing all subjects this semester,high
3,0,6,2,not participating in group work.,high
2,0,0,52,asked about joining an organization,low
1,2,1,116,"arrived late three times this week, please advise",moderate
2,2,6,99,"note: parent requested a routine check-in, please advise",low
2,3,6,85,n/a,moderate
1,1,5,49,general counseling requested (referred by adviser),low
1,0,4,123,"per my observation, checking in for well-being, please advise",low
2,2,5,8,adviser says wanted someone to talk to about stress,moderate
0,0,5,999,adviser says distracted and unprepared for the quiz,low
2,1,1,5,note: brief chat about time management,moderate
0,0,2,999,"reported that the student multiple behavioral incidents reported this month, please advise",moderate
2,2,4,8,reported that the student parent requested a routine check-in.,moderate
0,1,3,999,"asked for study tips before midterms, please advise",low
1,0,6,37,missed several classes this month,moderate
0,2,2,999,reported that the student caught cheating multiple times (referred by adviser),high
0,0,1,999,note: requested a tutor for one subject.,low
2,0,1,61,for guidance,low
2,0,5,16,"per my observation, plagiarised the entire final paper",high
2,0,0,25,"seems a little quiet lately, nothing alarming",low
4,0,6,89,"per my observation, incomplete requirements for two weeks now, please advise",high
2,1,0,53,"per my observation, asked about joining an organization today",low
1,1,2,36,"per my observation, not participating in group work (referred by adviser)",moderate
1,2,5,158,reported that the student occasional attendance concern worth noting.,moderate
3,0,2,10,talked back to me during class,high
1,1,5,159,note: self-harm concerns raised by a classmate,moderate
3,0,1,0,"per my observation, checking in for well-being",moderate
1,0,3,20,general counseling requested - needs follw up,moderate
1,1,3,5,"per my observation, minor argument with a seatmate - needs follow up",high
2,1,6,112,arrived late three times this week.,moderate
2,1,0,10,"during my class today, minor argument with a seatmate",moderate
2,2,1,3,"during my class today, frequently late to class, please advise",high
0,0,4,999,"not participating in group work, please advise",low
2,2,6,106,"sometimes disruptive during discussion, please advise",high
0,0,5,999,adviser says family issues appear to be affecting grades,low
0,0,5,999,reported that the stuent verbally abusive toward a classmate.,moderate
1,0,3,68,"during my class today, distracted and unprepared for the quiz",moderate
0,0,3,999,endorsed to guidance office,low
2,0,6,32,"depressed and isolated, refuses to speak, please advise",high
0,0,6,999,adviser says occasional attendance concern worth noting today,moderate
5,3,5,72,failing all subjects this semester,high
2,1,5,28,"during my class today, showing signs of emotional withdrawal",high
2,1,6,71,sometimes disruptive during discussion today,moderate
2,2,1,204,note: occasional attendance concern worth noting,moderate
2,0,1,16,note: asked for career advice,low
3,1,6,3,"per my observation, grades have been dropping steadily",high
2,0,3,57,reported that the student frequently late to class,moderate
0,0,1,999,minor argument with a seatmate,low
4,0,3,89,"curious about scholarship requirements, please advise",moderate
2,1,4,94,"adviser says first time observation, nothing serious",low
0,0,5,999,adviser says wants to know about college applications - needs follow up,low
1,2,5,16,"seems a little quiet lately, nothing alarming today",moderate
2,1,0,119,"adviser says first time observation, nothing serious - needs follow up",low
2,1,2,129,caught cheating multiple times,high
0,1,0,999,"adviser says student seems fne, following up anyway today",low
1,1,6,81,reported that the student physically shvoed another student in the hallway,high
2,1,1,93,"per my observation, seems a little quiet lately, nothing alarming",low
3,0,4,2,asked for study tips before midterms,moderate
1,2,3,196,appears exhausted and disengaged,moderate
0,0,4,999,reported that the student family problems causing svere distress,moderate
1,0,3,72,asked about joining an organization,low
0,1,5,999,"note: seems a little quiet lately, nothing alarming",low
1,0,4,26,"per my observtion, needs help organizing their schedule",low
1,1,0,189,per adviser,low
1,0,2,29,"during my class today, grades have been dropping steadily today",moderate
3,1,3,19,"student seems fine, following up anyway, please advise",moderate
1,2,1,44,"during my class today, checking in for well-being today",low
0,2,5,999,"per my observation, caught cheating multiple times",high
1,1,1,4,"asked for career advice, please advise",moderate
3,0,5,44,needs help organizing their scheduel.,moderate
1,1,1,56,,low
2,0,5,113,"depressed and isolated, refuses to speak.",high
2,1,1,37,"failing all subjects this semester, please advise",high
1,3,3,50,adviser says asked for study tips before midterms (referred by adviser),moderate
0,0,1,999,note: asked for career advice,low
1,1,4,137,"during my class today, requested a tutor for one subject (referred by adviser)",low
5,1,1,14,reported that the student talked back to me during class,high
3,0,5,51,reported that the student talked back to me during class,high
2,0,3,41,asked for career advice (referred by adviser),moderate
2,1,6,37,referred,high
2,2,5,32,"per my observation, curious about scholarship requirements",moderate
0,1,4,999,"requested a tutor for one subject, please advise",low
0,0,5,999,"wants to know about college applications, please advise",low
3,2,1,12,as discussed,moderate
3,2,4,19,asked about joining an organization,moderate
0,0,2,999,"during my class today, showing signs of emotional withdrawal (referred by adviser)",moderate
2,0,5,38,"vandalized school property, please advise",high
1,0,0,100,note: asked for career advice (referred by adviser),low
0,1,2,999,requested guidance on enrollment (referred by adviser),low
2,0,4,2,"adviser says first time observation, nothing serious",moderate
2,3,2,57,reported that the student has not attended class in weeks - needs follow up,high
4,2,1,8,for guidance,moderate
0,0,2,999,"per my observation, frequently late to class today",low
0,0,5,999,"per my observation, frequently late to class today",moderate
2,1,1,24,"arrived late three times this week, please advise",moderate
0,1,2,999,note: grades have been dropping steadily - needs follow up,moderate
1,0,6,1,per adviser,high
0,0,6,999,"general counseling requested, please advise",low
4,3,0,74,for guidance,moderate
2,0,3,64,"during my class today, physically shoved another student in the hallway - needs follow up",high
3,0,0,6,adviser says msised several classes this month,moderate
4,0,6,5,see attached,high
4,0,2,7,keesp using phone despite reminders,high
0,2,2,999,reported that the student arrived late three times this week today,moderate
0,0,1,999,note: asked about shifting courses,low
3,0,3,73,curious about scholarship requirements.,moderate
2,1,1,51,reported that the student talked back to me during class,moderate
0,0,5,999,n/a,low
1,1,2,140,noe: wants to know about college applications today,low
1,0,3,18,occasional attendance concern worth noting,high
0,1,5,999,occasional atendance concern worth noting,moderate
0,0,1,999,reported that the student caught cheating multiple times (referred by adviser),moderate
4,1,1,261,"during my class today, showing signs of emotional withdrawal (referred by adviser)",high
1,0,2,324,note: keeps using phone despite reminders.,moderate
2,0,5,14,as discussed,moderate
1,0,0,17,reported that the student parent requested a routine check-in,low
1,1,5,192,"during my class today, failing all subjects this semester",high
0,2,3,999,adviser says requested guidance on enrollment - needs follow up,low
3,0,3,5,avoiding classmates during activities today,high
4,0,3,35,multiple behavioral incidents reported this month today,high
4,0,0,3,"reported that the student grades have been dropping steadily, please advise",high
2,0,1,95,per adviser,low
0,1,5,999,adviser says incomplete requirements for two weeks now today,moderate
4,1,2,102,physically shoved another student in the hallway,high
1,1,3,145,note: avoiding classmates during activities.,moderate
3,0,6,86,for guidance,low
3,1,0,77,per adviser,low
2,2,2,24,note: missed several classes this month today,high
3,0,2,71,arrived late three times this week.,moderate
1,0,1,56,"during my class today, occasional attendance concern worth noting (referred by adviser)",moderate
1,1,6,89,adviser says asked about joining an organization,low
3,4,6,0,adviser says asked about joining an organization - needs follow up,high
1,0,1,50,"asked about shifting courses, please advise",low
1,0,6,4,"during my class today, vandalized school property - needs follow up",high
3,1,0,44,chronic truancy despite repeated warnings,high
1,0,6,25,repeated peer conflict escalation today,high
1,1,5,25,note: parent requested a routine check-in (referred by adviser),moderate
2,0,1,61,note: requested a tutor for one subject.,low
0,1,3,999,"during my class today, constantly bullying others today",moderate
1,1,5,78,adviser says brief chat about time management,moderate
1,1,1,60,requested guidance on enrollment (referred by adviser),low
3,1,2,6,"during my class today, incomplete requirements for two weeks now (referred by advisre)",high
0,1,4,999,"threatened another student after class, please advise",moderate
3,2,1,4,checking in for well-being - needs follow up,moderate
1,0,1,50,minor misunderstanding with a classmate.,low
3,0,1,58,keeps using phone despite reminders,moderate
1,2,5,110,general counseling requested (referred by adviser),low
0,1,2,999,found with a weapon in their bag.,moderate
3,1,3,26,"per my observation, repeated peer conflict escalation.",high
2,1,1,82,"first time observation, nothing serious.",low
0,1,1,999,"during my class today, seems withdrawn and unfocused lately today",low
1,0,4,123,adviser says curious about scholarship requirements,low
0,0,1,999,minor misunderstanding with a classmate (referred by adviser),low
0,2,4,999,reported that the student family issues appear to be affecting grades - needs follow up,moderate
0,0,2,999,"first time observation, nothing serious.",low
2,1,4,21,"during my class today, threatened another student after class (referred by adviser)",high
1,3,2,122,"during my class today, needs help organizing their schedule",moderate
1,0,5,80,"per my observation, avoiding classmates during activities.",low
3,1,0,25,asked about shifting courses today,moderate
1,0,6,110,"during my class today, showing signs of emotional withdrawal.",low
1,1,1,11,checking in for well-being - needs follow up,moderate
4,0,0,157,"during my class today, seems a little quiet lately, nothing alarming - needs follow up",low
1,0,3,6,"student seems fine, following up anyway",moderate
2,2,1,130,minor argument with a seatmate.,moderate
1,2,2,17,"during my class today, first time observation, nothing serious today",moderate
0,1,5,999,"adviser says punched a classmate in the face during my class, please advise",moderate
3,1,5,5,adviser says minor argument with a seatmate,high
1,0,4,23,note: very aggressive behavior toward peers,high
0,1,6,999,note: asked for study tips before midterms - needs follow up,low
1,1,2,140,"during my class today, repeated peer conflict escalation, please advise",high
1,1,0,13,note: needs help organizing their schedule,low
1,0,5,28,reported that the student appears exhausted and disengaged.,moderate
3,0,1,5,"per my observation, asked for career advice - needs follow up",moderate
1,2,1,45,n/a,high
2,1,0,292,"did not submit the last two assignments, please advise",moderate
0,1,1,999,wants to know about college applications - needs follow up,low
3,1,1,274,per adviser,high
2,0,1,56,see attached,low
1,0,3,24,arrived late three times this week,moderate
1,0,5,77,"note: curious about scholarship requirements, please advise",moderate
2,1,6,2,reported that the student asked about shifting courses,moderate
2,1,0,87,avoiding classmates during activities,moderate
1,1,1,47,for guidance,moderate
1,1,3,33,"note: did not submit the last two assignments, please advise",moderate
2,4,0,74,"per my observation, student seems fine, following up anyway today",moderate
1,1,2,24,keeps using phone despite reminders,moderate
1,0,4,72,incomplete requirements for two weeks now (referred by adviser),moderate
2,1,5,122,,moderate
0,0,1,999,frequenlty late to class.,low
1,1,4,28,"during my class today, wants to know about college applications, please advise",low
0,0,4,999,"note: failing all subjects this semester, please advise",moderate
0,0,6,999,note: wanted someone to talk to about stress,low
1,2,1,15,"during my class today, seems withdrawn and unfocused lately.",moderate
1,1,5,29,reported that the student frequently late to class - needs follow up,high
1,1,5,17,reported that the student sometimes disruptive during discussion,high
2,1,1,36,needs help organizing their schedule,low
0,0,4,999,reported that the student minor misunderstanding with a classmate - needs follow up,low
3,1,4,93,"per my observation, plagiarised the entire final paper (referred by adviser)",high
2,1,1,194,shouted at the instructor and walked out,high
2,0,2,25,"during my class today, depressed and isolated, refuses to speak",high
2,1,2,16,physically shoved another student in the hallway today,high
1,1,5,12,note: general counseling requested,moderate
2,0,0,29,"needs help organizing their schedule, please advise",low
0,0,3,999,note: parent requested a routine check-in.,low
4,0,1,122,reported that the student parent requested a routine check-in,moderate
4,1,4,31,reported that the student plagiarised the entire final paper,high
0,1,4,999,"during my class today, general counseling requested",low
1,0,3,18,failing all subjects this semester.,high
0,0,3,999,reported that the student repeated peer conflict escalation - needs follow up,moderate
3,0,1,82,asked about joining an organization today,low
3,0,1,15,wnts to know about college applications.,moderate
1,1,5,0,see attached,high
0,1,1,999,"during my class today, talked back to me during class",low
0,1,5,999,"per my observation, checking in for well-being (referred by adviser)",low
5,0,4,26,"seems a little quiet lately, nothing alarming, please advise",moderate
3,1,6,56,"during my class today, asked for career advice",moderate
0,1,1,999,adviser says sometimes disruptive during discussion - needs follow up,low
1,1,3,25,chronic truancy despite repeated warnings.,high
1,1,0,47,as discussed,low
0,2,6,999,"per my observation, sometimes disruptive during discussion today",moderate
0,0,4,999,showing signs of emotional withdrawal,low
4,0,4,24,reported that the student wants to know about college applications,moderate
1,0,5,11,not participating in group work,moderate
0,1,1,999,minor misunderstanding with a classmate.,low
3,2,4,25,"per my observation, frequently late to class.",high
1,1,5,53,note: physically shoved another student in the hallway (referred by adviser),high
1,1,0,20,"per my observation, incomplete requirements for two weeks now.",moderate
2,2,6,11,multiple behavioral incidents reported this month today,high
1,3,6,10,"per my observation, did not submit the last two assignments - needs follow up",high
0,1,6,999,n/a,low
0,0,5,999,reported that the student curious about scholarship requirements,low
4,1,1,40,adviser says wants to know about college applications today,moderate
0,0,3,999,"talked back to me during class, please advise",low
1,2,1,31,note: missed several classes this month today,moderate
2,0,5,18,constantly bullying others today,high
1,1,1,48,adviser says very aggressive behavior toward peers,high
1,0,6,16,general counseling requested (referred by advisre),low
0,0,1,999,note: wanted someone to talk to about stress.,low
0,0,1,999,constantly bullying others today,moderate
3,0,0,53,frequently late to class today,moderate
0,1,5,999,wanst to know about college applications,low
1,0,1,358,not participating in group work (referred by adviser),low
0,2,1,999,reported that the student missed several classes this month,moderate
1,1,1,115,per adviser,low
0,3,1,999,wanted someone to talk to about stress,low
2,1,6,0,note: needs help organizing their schedule,moderate
2,1,2,1,note: struggling to submit requirements on time (referred by adviser),high
0,0,1,999,note: requested a tutor for one subject (referred by adviser),low
3,0,1,43,reported that the student lack of focus throughout the period today,moderate
0,0,0,999,minor misunderstanding with a classmate - needs follow up,low
2,0,2,18,"per my observation, vandalized school property, please advise",high
1,0,1,51,note: physically shoved another student in the hallway,high
5,1,0,8,parent requesetd a routine check-in,moderate
1,0,1,134,distracted and unprepared for the quiz,moderate
0,0,1,999,reported that the student verbally abusive toward a classmate.,moderate
1,1,5,139,"during my class today, seems withdrawn and unfocused lately - needs follow up",moderate
3,3,0,69,"requested guidance on enrollment, please advise",moderate
0,1,4,999,very aggressive behavior toward peers,moderate
1,1,4,2,adviser says general counseling requested,moderate
0,1,6,999,"during my class today, asked for career advice, please advise",low
2,0,1,60,"note: lack of focus throughout the period, please advise",moderate
0,0,5,999,family issues appear to be affecting grades,low
1,1,6,169,"adviser says has not attended class in weeks, please advise",high
0,0,6,999,reported that the student talked back to me during class today,low
1,1,5,0,"adviser says has not attended class in weeks, please advise",high
1,1,1,46,reported that the student needs help organizing their schedule,moderate
1,0,6,64,has stopped attending and is unreachable - needs follow up,high
1,1,5,111,reported that the student repeated per conflict escalation (referred by adviser),high
1,3,1,88,note: self-harm concerns raised by a classmate,high
0,0,1,999,"per my observation, lack of focus throughout the period.",low
1,1,6,21,note: general counseling requested,moderate
0,1,1,999,"per my observation, wanted someone to talk to about stress",low
0,1,5,999,"during my class today, chronic truancy despite repeated warnings",moderate
3,2,2,25,note: minor misunderstanding with a classmate - needs follow up,moderate
2,0,5,26,"during my class today, plagiarised the entire final paper",high
2,0,0,68,adviser says talked back to me during class today,moderate
1,0,5,236,"reported that the student depressed and isolated, refuses to speak",moderate
0,0,3,999,referred,low
1,1,6,365,note: arrived late three times this week (referred by adviser),moderate
0,0,1,999,curious about scholarship requirements today,low
3,1,1,7,adviser says requested guidance on enrollment.,moderate
3,0,1,121,needs help organizing their schedule today,low
1,1,0,22,checking in for well-being - needs follow up,low
3,1,6,70,adviser says asked about joining an organization,low
1,3,1,59,"note: not participating in group work, please advise",moderate
3,0,1,139,"note: plagiarised the entire final paper, please advise",high
1,3,5,94,"during my class today, self-harm concerns raised by a classmate",high
3,1,1,41,note: needs help organizing their schedule - needs follow up,moderate
2,2,1,33,not participating in group work today,moderate
3,1,4,20,"per my observation, self-harm concerns raised by a classmate - needs follow up",high
0,0,2,999,"adviser says student semes fine, following up anyway.",low
1,0,5,61,"occasional attendance concern worth noting, please advise",moderate
2,2,4,12,"during my class today, talked back to me during class today",high
3,2,1,6,reported that the student curious about scholarship requirements,high
1,2,3,44,"per my observation, struggling to submit requirements on time",moderate
0,2,6,999,general counseling requested (referred by adviser),low
2,1,2,28,"adviser says very aggressive behavior toward peers, please advise",high
0,1,5,999,grades have been dropping steadily,low
1,0,2,7,note: found with a weapon in their bag (referred by adviser),high
2,0,3,20,plagiarised the entire final paper.,high
1,1,5,82,"arrived late three times this week, please advise",moderate
2,0,0,145,reported that the student did not submit the last two assignments.,low
1,1,2,35,"reported that the student very aggressive behavior toward peers, please advise",high
0,1,0,999,"per my observation, seems a little quiet lately, nothing alarming",low
1,0,5,10,requested guidance on enrollment,low
1,3,4,4,keeps using phone despite reminders today,high
1,0,1,45,"reported that the student not participating in group work, please advise",low
1,1,0,200,"seems a little quiet lately, nothing alarming today",low
3,1,6,28,"during my class today, first time observation, nothing serious, please advise",moderate
1,1,1,56,keeps using phone despite reminders,moderate
3,0,1,2,as discussed,moderate
1,0,1,28,see attached,low
0,1,3,999,per adviser,moderate
1,1,1,27,"per my observation, paernt requested a routine check-in",moderate
0,1,5,999,constantly bullying ohters.,high
3,1,4,72,note: checking in for well-eing,low
1,0,0,192,"reported that the student seems a little quiet lately, nothing alarming.",low
1,0,3,56,"during my class today, occasional attendance concern worth noting.",moderate
3,0,1,42,endorsed to guidance office,moderate
1,1,0,18,general counseling requested,low
1,2,4,87,n/a,high
0,1,1,999,asked about joining an organization,low
3,0,6,102,adviser says needs help organizing their schedule.,low
1,0,3,91,"per my observation, parent requested a routine check-in (referred by adviser)",low
0,0,1,999,asked for career advice - needs follow up,low
1,0,6,10,"during my class today, checking in for well-being - needs follow up",moderate
1,3,3,133,chronic truancy despite repeated warnings,high
0,1,1,999,"per my observation, needs help organizing their schedule, please advise",low
1,0,3,16,"during my class today, requested guidance on enrollment",moderate
2,1,6,129,note: multiple behavioral incidents reported this month,moderate
1,0,2,22,asked about joining an orgnaization,moderate
1,2,2,25,follow up,high
4,0,2,92,see attached,moderate
5,0,1,7,general counseling requested,high
3,1,1,116,showing signs of emotionla withdrawal,moderate
1,0,3,12,"general counseling requested, please advise",moderate
2,0,6,78,adviser says asked for career advice,moderate
1,2,5,49,wants to know about college applications,moderate
2,1,0,11,"reported that the student asked about joining an organization, please advise",moderate
1,1,2,45,note: general counseling requested,low
2,0,0,50,reported that the student asked for study tips before midterms,low
2,0,1,79,adviser says occasional attendance concern worth noting.,moderate
2,3,4,187,"per my observation, checking in for well-being (referred by adviser)",low
1,0,1,71,reported that the student requested a tutor for one subject.,low
1,1,5,6,note: curious about scholarship requirements,moderate
1,0,2,41,note: general counseling requested - needs follow up,low
2,1,4,19,"during my class today, physically shoved another student in the hallway - needs follow up",high
1,1,6,125,per adviser,moderate
3,0,4,18,minor misunderstanding with a classmate today,moderate
1,1,6,109,"per my observation, wanted someone to talk to about stress",low
1,2,5,21,occasional attendance concern worth noting (referred by adviser),high
5,0,3,18,reported that the student appears exhausted and disengaged,high
3,1,1,77,asked about joining an organization,moderate
4,1,1,94,adviser says wants to know about college applications,low
1,1,6,23,adviser says family issues appear to be affecting grades - needs follow up,moderate
2,2,0,49,reported that the student missed several classes this month today,moderate
1,0,6,15,"during my class today, depressed and isolated, refuses to speak",high
2,1,1,99,"seems a little quiet lately, nothing alarming today",low
2,0,5,59,per adviser,low
0,1,1,999,note: shouted at the instructor and walked out - needs follow up,moderate
3,1,6,95,reported that the student occasional attendance concern worth noting tdoay,high
2,0,0,103,asked about joining an organization.,low
0,0,2,999,note: verbally abusive toward a classmate.,moderate
2,2,6,52,"note: seems a little quiet lately, nohting alarming - needs follow up",moderate
3,1,1,50,"first time observation, nothing serious",low
1,1,1,15,"per my observation, frequently late to class (referred by adviser)",high
2,2,6,62,asked for study tips before midterms today,moderate
1,0,5,23,"during my class today, seems a little quiet lately, nothing alarming",moderate
0,0,1,999,adviser says incomplete requirements for two weeks now,low
1,0,3,71,"during my class today, student seems fine, following up anyway today",low
0,1,1,999,constantly bullying others,moderate
3,2,1,56,"per my observation, found with a weapon in their bag today",high
2,0,4,103,note: plagiarised the entire final paper (referred by adviser),moderate
0,0,1,999,follow up,low
0,2,2,999,adviser says keeps using phone despite reminders,moderate
1,1,1,33,adviser says struggling to submit requirements on time (referred by adviser),moderate
2,0,6,1,chronic truancy despite repeated warnings today,high
1,2,3,210,as discussed,high
0,3,1,999,frequently late to class.,moderate
3,0,6,119,"per my observation, avoiding classmates during activities.",moderate
0,0,5,999,sometimes disruptive during discussion today,low
1,1,1,29,checking in for well-being,moderate
2,0,6,127,asked for carer advice.,low
3,0,1,23,adviser says self-harm concerns raised by a classmate (referred by adviser),high
0,0,1,999,as discussed,low
0,1,2,999,reported that the student plagiarised the entire final paper,moderate
1,0,1,39,shouted at the instructor and walked out,moderate
0,0,4,999,see attached,low
1,2,3,104,very aggresive behavior toward peers,high
0,0,6,999,"during my class today, showing signs of emotional withdrawal - needs follow up",low
2,0,1,247,"during my class today, punched a classmate in the face during my class - needs follow up",moderate
1,1,1,19,reported that the student physically shoved another student in the hallway,high
3,2,2,90,reported that the student threatened another student after class today,high
2,0,1,114,reported taht the student not participating in group work (referred by adviser),moderate
0,0,6,999,adviser says general counseling requested today,low
2,1,5,54,"during my class today, struggling to submit requirements on time - needs follow up",moderate
2,1,5,107,shouted at the instructor and walked out - needs follow up,high
1,1,5,34,referred,moderate
3,0,1,30,"per my observation, first time observation, nothing serious",moderate
2,1,1,19,asked for study tips before midterms,moderate
2,0,2,73,checking in for well-being - needs follow up,low
2,0,5,341,"note: depressed and isolated, refuses to speak - needs follow up",moderate
4,1,1,51,adviser says wanted someone to talk to about stress.,moderate
2,3,0,30,"during my class today, minor misunderstanding with a classmate, please advise",moderate
0,1,4,999,requested a tutor for one subject - needs follow up,low
2,2,1,26,note: wnats to know about college applications.,moderate
2,0,3,19,occasional attendance concern worth noting.,high
4,2,0,105,note: missed several classes this month,high
1,1,3,52,"during my class today, self-harm concerns raised by a classmate",high
2,2,2,9,reported that the student seems withdrawn and unfocused lately - needs follow up,high
1,2,6,60,reported that the student wanted someone to talk to about stress,moderate
1,0,5,50,"reported that the student chronic truancy despite repeated warnings, please advise",high
1,0,0,2,"per my observation, asked for career advice.",low
1,0,5,5,wants to know about college applications today,moderate
2,1,5,106,self-harm concerns raised by a classmate,high
2,1,4,5,arrived late three times this week.,high
1,2,6,8,"during my class today, has stopped attending and is unreachable (referred by adviser)",high
3,1,5,52,"per my observation, parent requested a routine check-in today",moderate
0,2,1,999,brief chat about time management (referred by adviser),low
1,1,2,18,"during my class today, found with a weapon in their bag",high
3,1,1,44,"during my class today, checking in for well-being",low
2,1,3,68,"during my class today, parent requested a routine check-in, please advise",moderate
0,0,6,999,adviser says family issues appear to be affecting grades,low
0,2,4,999,not participating in group work - needs follow up,moderate
2,1,1,102,showing signs of emotional withdrawal,moderate
0,1,6,999,"during my class today, sometimes disruptive during discussion",low
1,2,5,190,"note: frequently late to class, please advise",moderate
2,0,1,9,note: asked for career advice,moderate
0,1,6,999,see attached,low
1,0,1,19,"note: student seems fine, following up anyway",low
0,0,3,999,checking in for well-being today,low
2,3,2,45,note: wants to know about college applications,high
1,0,6,59,"per my observation, asked about shifting courses.",low
2,0,1,5,"durng my class today, distracted and unprepared for the quiz",moderate
1,0,1,64,"reported that the student first time observation, nothing serious.",low
2,0,4,11,needs help organizing their schedule,moderate
1,0,6,103,showing signs of emotional withdrawal - needs follow up,moderate
1,1,1,60,see attached,moderate
0,0,1,999,note: repeated peer conflict escalation - needs follow up,moderate
2,0,6,46,asked for study tips before midterms,moderate
1,0,5,97,vandalized school property.,high
1,0,1,39,note: family issues appear to be affecting grades today,moderate
0,0,2,999,"per my observation, requested a tutor for one subject today",low
3,0,2,38,for guidance,high
3,1,4,0,"first time observation, nothing serious",moderate
2,2,3,66,"per my observation, frequently late to class today",high
2,2,5,17,verbally abusive toward a classmate,high
6,0,0,90,"per my observation, needs help organizing their schedule",moderate
1,0,5,27,adviser says failing all subjects this semester,high
0,0,0,999,adviser says minor misunderstanding with a classmate,low
3,0,6,19,reported that the student brief chat about time management today,moderate
4,1,0,81,reported that the student appears exhausted and disengaged - needs follow up,moderate
1,2,1,75,"during my class today, seems a little quiet lately, nothing alarming (referred by adviser)",low
0,0,1,999,"during my class today, keeps using phone despite reminders",low
1,0,1,80,wants to know about college applications (referred by adviser),low
0,0,2,999,reported that the student grades have been dropping steadily - needs follow up,low
1,3,4,25,adviser says appears exhausted and disengaged,high
1,2,6,112,missed several classes this month (referred by adviser),moderate
1,0,3,6,"per my observation, asked for career advice",moderate
0,0,3,999,"during my class today, multiple behavioral incidents reported this month",moderate
0,1,1,999,struggling to submit requirements on time,low
1,1,5,26,note: incomplete requirements for two weeks now,high
1,1,1,69,requested a tutor for one subject,low
1,0,1,9,endorsed to guidance office,moderate
2,3,0,61,"during my class today, appears exhausted and disengaged.",moderate
1,3,1,2,"reported that the student not participating in group work, please advise",high
1,1,3,0,note: lack of focus throughout the period,high
1,2,1,24,"asked for study tps before midterms, please advise",moderate
3,1,1,0,"during my class today, wants to know about college applications",high
2,0,5,43,"adviser says did not submit the last two assignments, please advise",moderate
3,0,1,28,reported that the student caught cheating multiple times,high
0,0,4,999,"student seems fne, following up anyway",low
2,1,2,22,as discussed,high
0,0,6,999,general counseling requested,low
1,2,5,4,adviser says wants to know about college applications (referred by adviser),high
1,0,0,10,"reported that the student minor misunderstanding with a classmate, please advise",low
0,1,6,999,"during my class today, showing signs of emotional withdrawal (referred by adviser)",low
0,1,2,999,follow up,moderate
0,0,1,999,"reported tht the student seems withdrawn and unfocused lately, please advise",low
2,1,4,108,referred,high
3,1,5,35,"needs help organizing their schedule, please advise",moderate
2,0,1,22,note: grades have been dropping steadily today,high
2,0,2,23,"per my observation, incomplete requirements for two weeks now, please advise",high
1,1,1,61,reported that the student appears exhausted and disengaged,moderate
1,0,3,14,needs help organizing their schedule.,low
3,0,6,130,sometimes disruptive durnig discussion,moderate
2,1,2,122,adviser says occasional attendance concern worth noting.,moderate
1,2,6,236,adviser says seems withdrawn and unfocused lately,moderate
1,1,1,15,constantly bullying others today,high
2,2,5,100,"during my class today, requested a tutor for one subject",low
3,1,6,292,note: needs help organizing their schedule (referred by adviser),moderate
1,1,4,40,seesm withdrawn and unfocused lately.,moderate
3,1,1,45,"per my observation, seems withdrawn and ufnocused lately",moderate
1,2,1,0,adviser says minor argument with a seatmate (referred by adviser),high
0,1,0,999,checking in for well-being - needs follow up,low
3,2,4,35,"during my class today, needs help organizing their schedule today",moderate
1,0,6,365,asked about joining an organization,low
2,0,2,4,incomplete requirements for two weeks now,high
2,0,1,78,"wanted someone to talk to about stress, please advise",low
2,1,1,4,reported that the student failing all subjects this semester.,high
2,0,3,29,has not attended class in weeks,high
0,1,3,999,reported that the student grades have been droping steadily,moderate
2,0,1,67,parent requested a routine check-in,low
4,2,5,16,note: general counseling requested.,high
1,2,0,32,asked about joining an organization,low
1,1,4,47,adviser says frequently late to class,moderate
0,0,2,999,appears exhausted and disengaged today,low
1,2,1,32,"per my observation, verbally abusive toward a classmate",moderate
0,1,4,999,reported that the student sometimes disruptive during discussion (referred by adviser),low
1,0,4,107,reported that the student family issues appear to be affecting grades,moderate
3,0,2,5,"per my observation, curious about scholarship requirements",moderate
1,0,5,129,wants to know about college applications today,low
1,0,3,251,adviser says parent requested a routine check-in (referred by adviser),low
2,0,1,10,"reported that the student first time observation, nothing serious",moderate
1,1,6,37,asked about shifting courses,low
0,0,6,999,"note: student seems fine, following up anyway",low
0,1,0,999,"during my class today, curious about scholarship requirements today",low
0,1,6,999,"per my observation, minor misunderstanding with a classmate.",low
0,0,5,999,note: parent requested a routine check-in today,low
2,0,1,11,endorsed to guidance office,moderate
1,1,3,18,reported that the student avoiding classmates during activities - needs follow up,high
1,1,0,86,adviser says needs help organizing their schedule,moderate
2,1,3,5,reported that the student occasional attendance concern worth noting,high
3,1,6,24,"per my observation, curious about scholarship requirements",moderate
0,2,2,999,"during my class today, needs help organizing their schedule.",low
3,0,3,26,note: lack of focus throughout the period.,high
3,0,1,69,chronic truancy despite repeated warnings - needs follow up,high
1,1,3,30,,high
3,1,5,32,reported that the student asked about shifting courses,moderate
1,1,1,89,"during my class today, very aggressive behavior toward peers today",high
1,0,3,184,occasional attendance concern worth noting (referred by adviser),moderate
2,0,2,2,note: showing signs of emotional withdrawal (referred by adviser),high
1,1,5,103,reported that the student has not attended class in weeks - needs follow up,high
2,2,5,76,"per my observation, has not attended class in weeks",high
3,1,4,132,note: asked for study tips before midterms.,moderate
2,4,2,12,grades have been dropping steadily - needs follow up,high
3,1,3,78,"during my class today, has stopped attending and is unreachable.",high
1,1,4,30,adviser says wants to know about college applications,low
2,0,4,48,"per my observation, frequently late to class (referred by adviser)",moderate
3,0,3,11,asked for study tips before midterms,moderate
3,0,6,29,found with a weapon in their bag (referred by adviser),high
1,0,1,114,"general counseling requested, please advise",low
0,0,0,999,"during my class today, general counseling requested",low
1,2,6,32,reported that the student parent requested a routine check-in.,moderate
1,1,0,106,"requested guidance on enrollment, please advise",low
0,1,6,999,note: missed several classes this month - needs follow up,low
4,1,4,47,"adviser says physically shoved another student in the hallway, please advise",high
2,0,6,92,occasional attendance concern worth noting.,moderate
3,1,3,115,adviser says struggling to submit requirements on time.,moderate
1,1,5,2,per adviser,high
2,1,5,36,reported that the student wanted someone to talk to about stress,moderate
0,0,3,999,"during my class today, minor misunderstanding with a classmate",low
6,0,2,32,multiple behavioral incidents reported this month,high
1,0,0,45,reported that the student asked for study tips before midterms.,low
0,0,1,999,"during my class today, requested a tutor for one subject.",low
1,0,6,99,adviser says needs help organizing their schedule (referred by adviser),low
4,0,1,1,family issues appear to be affecting grades (referred by adviser),high
0,1,5,999,constantly bullying others - needs follow up,moderate
1,2,3,101,"seems a little quiet lately, nothing alarming",moderate
1,2,1,34,per adviser,low
0,0,6,999,adviser says incomplete requirements for two weeks now,low
0,1,0,999,"during my class today, arrived late three times this week.",low
1,4,3,12,failing all subjects this semester (referred by adviser),high
1,2,2,4,"during my class today, multiple behavioral incidents reported this month.",high
1,1,0,26,distracted and unprepared for the quiz,moderate
0,0,1,999,reported tht the student family problems causing severe distress today,moderate
3,0,4,90,adviser says constantly bullying others - needs follow up,high
1,1,1,21,reported that the student requested guidance on enrolmlent - needs follow up,low
1,0,5,81,"per my observation, has stopped attending and is unreachable",high
0,0,4,999,distracted and unprepared for the quiz,low
1,3,1,16,"per my observation, did not submit the last two assignments (referred by adviser)",high
0,0,1,999,"per my observation, requested a tutor for one subject - needs follow up",low
0,1,1,999,"asked about joining an organization, please advise",low
2,2,5,57,general counseling requested (referred by adviser),moderate
3,0,3,50,"during my class today, incomplete requirements for two weeks now, please advise",high
3,0,0,39,"reported that the student seems a little quiet lately, nothing alarming",low
0,1,3,999,"during my class today, sometimes disruptive during discussion today",moderate
0,2,2,999,"per my observation, depressed and isolated, refuses to speak (referred by adviser)",moderate
0,0,4,999,"per my observation, parent requested a routine check-in",low
0,1,0,999,general counseling requested,low
1,1,0,25,note: talked back to me during class (referred by adviser),moderate
2,1,1,3,"during my class today, general counseling requested, please advise",moderate
2,0,4,57,"during my class today, asked about shifting courses",low
5,2,4,63,talked back to me during class,high
3,2,1,58,note: not participating in group work,high
3,0,1,46,distracted and unprepared for the quiz,moderate
1,1,4,8,"during my class today, first tme observation, nothing serious",low
3,1,0,51,did not submit the last two assignments today,moderate
1,0,3,15,avoiding classmates during activities,moderate
2,0,2,164,note: struggling to submit requirements on time,moderate
2,2,1,17,see attached,high
3,0,3,5,"per my observation, brief chat about time management today",moderate
2,0,1,35,physically shoved another student in the hallway.,high
1,0,3,11,"during my class today, minor misunderstanding with a classmate",moderate
2,1,1,178,,moderate
2,0,2,86,"requested a tutor for one subject, please advise",moderate
5,0,3,138,"depressed and isolated, refuses to speak - needs follow up",high
2,1,0,111,follow up,moderate
1,1,4,7,as discussed,moderate
2,2,5,35,wanted someone to talk to about stress (referred by adviser),high
0,1,6,999,adviser says threatened another student after class,moderate
2,2,1,38,reported that the student checking in for well-being,moderate
2,0,1,95,note: wanted someone to talk to about stress,low
3,0,1,114,"adviser says student seems fine, following up anyway - needs follow up",low
2,1,6,14,asked for study tips before midterms today,moderate
0,0,2,999,adviser says failing all subjects this semester - needs follow up,moderate
1,0,1,0,"during my class today, wants to know aout college applications",moderate
4,1,5,25,frequently late to class,high
2,2,0,37,reported that the student arrived late three times this week today,moderate
1,0,3,85,"per my observation, first time observation, nothing serious - needs follow up",low
0,0,2,999,"per my observation, talked back to me during class, please advise",low
0,0,4,999,adviser says asked for study tips before midterms today,low
0,1,5,999,requested guidance on enrollment.,low
2,0,1,85,follow up,moderate
3,2,4,81,note: arrived late three times this week,high
5,1,3,17,"per my observation, parent requested a routine check-in",high
3,2,1,47,"during my class today, grades have been dropping steadily, please advise",high
0,0,6,999,adviser says sometimes disruptive during discussion today,low
1,0,5,23,arrived late three times this week - needs follow up,moderate
1,1,6,16,lack of focus throughout the period,moderate
1,1,5,30,,high
2,0,1,104,for guidance,low
0,0,2,999,occasional attendance concern worth noting (referred by adviser),moderate
3,0,2,261,adviser says threatened another student after class,high
1,0,0,1,"per my observation, wanted someone to talk to about stress",moderate
2,2,2,9,adviser says punched a classmate in the face during my class (referred by adviser),high
2,1,1,31,"during my class today, first time observation, nothing serious",moderate
1,1,0,50,"during my class today, brief chat about time management - needs follow up",low
0,1,5,999,failing all subjects this semester,moderate
0,0,1,999,endorsed to guidance office,low
1,1,3,21,endorsed to guidance office,high
4,1,5,46,adviser says requested a tutor for one subject.,moderate
0,1,4,999,reported that the student showing signs of emotional withdrawal (referred by adviser),low
2,2,1,60,general counseling requested (referred by adviser),moderate
1,0,4,55,showing signs of emotional withdrawal - needs follow up,moderate
1,1,5,51,note: requested guidance on enrollment,moderate
1,1,6,82,"per my observation, requested a ttor for one subject",moderate
1,2,1,22,"per my observation, family issues appear to be affecting grades (referred by adviser)",moderate
0,0,0,999,"per my observation, general counseling requested",low
2,0,4,51,did not submit the last two assignments,moderate
2,1,1,175,note: multiple behavioral incidents reported this month,moderate
0,1,5,999,adviser says occasional attendance concern worth noting,moderate
1,1,4,81,note: vandalized school property,moderate
2,0,5,26,needs help organizing their schedule,moderate
3,0,6,53,"per my observation, caught cheating multiple times (referred by adviser)",high
0,1,3,999,"per my observation, asked about shifting courses",low
1,0,6,114,adviser says very aggressive behavior toward peers - needs follow up,moderate
2,0,4,18,"during my class today, asked for career advice - needs follow up",moderate
1,2,1,25,struggling to submit requirements on time today,moderate
4,0,5,4,adviser says checking in for well-being today,high
3,0,4,35,as discussed,moderate
0,0,6,999,reported that the student asked about joining an organization.,low
1,2,1,84,"sometimes disruptive during discusison, please advise",moderate
4,2,1,32,parent requested a routine check-in,moderate
1,1,5,3,"during my class today, minor argument with a seatmate",high
1,0,0,16,note: asked for career advice (referred by adviser),low
1,1,4,19,reported that the student general counseling requested,moderate
1,1,3,142,"first time observation, nothing serious.",low
1,0,1,1,showing signs of emotional withdrawal,moderate
2,2,1,41,"note: asked for study tips before midterms, please advse",moderate
0,0,5,999,reported that the student parent requested a routine check-in,low
3,0,0,13,"adviser says student seems fine, following up anyway",low
3,1,5,339,"per my observation, checking in for well-being - needs follow up",moderate
1,2,5,15,"first tme observation, nothing serious (referred by adviser)",moderate
1,1,4,105,,low
4,3,2,146,"per my observation, has not attended class in weeks, please advise",high
2,1,0,47,note: avoiding classmates during activities.,moderate
2,3,5,363,"per my observation, asked about joining an organization today",moderate
1,0,1,33,"per my observation, asked about joining an organization",low
1,2,1,24,reported that the student talked back to me during class,moderate
1,0,6,16,note: incomplete requirements for two weeks now (referred by adviser),moderate
0,2,1,999,requested a tutor for one subject,low
3,0,1,58,asked about shifting courses.,low
2,1,6,67,reported that the student physically shoved another student in the hallway,high
3,1,0,32,reported that the student repeated peer conflict escalation,high
5,1,1,134,curious about scholarship requirements,moderate
1,3,2,1,"adviser says shouted at the instructor and walked out, please advise",high
0,2,5,999,lack of focus throughout the period - needs follow up,low
2,1,6,80,"per my observation, seems withdrawn and unfocused lately.",moderate
3,0,5,114,"first time observation, nothing serious (referred by adviser)",low
0,1,6,999,endorsed to guidance office,moderate
1,2,0,106,for guidance,low
2,0,4,16,"per my observation, minor misunderstanding with a classmate, please advise",moderate
2,1,1,32,"adviser says seems withdrawn and unfocused lately, please advise",moderate
0,1,6,999,"per my observation, minor argument with a seatmate today",low
3,1,6,40,"per my observation, curious about scholarship requirements.",moderate
2,1,1,12,adviser says found with a weapon in their bag (referred by adviser),high
0,0,5,999,"during my class today, distracted and unprepared for the quiz (referred by adviser)",moderate
1,0,4,237,note: caught cheating multiple times today,high
1,1,1,48,per adviser,low
2,0,4,12,"during my class today, parent requested a routine check-in",moderate
2,0,6,28,wanted someone to talk to about stress,moderate
1,0,1,39,"per my observation, appears exhausted and disengaged",moderate
3,0,0,6,note: grades have been dropping steadily,high
1,1,6,14,reported that the student asked for study tips before midterms.,moderate
3,1,2,108,showing signs of emotional withdrawal.,moderate
0,1,2,999,reported that the student self-harm concerns raised by a classmate,moderate
0,2,5,999,"keeps using phone despite reminders, please advise",moderate
3,1,4,56,asked about shifting courses,moderate
2,1,1,111,adviser says very aggressive behavior toward peers,high
2,0,0,40,lack of focus throughout the period,moderate
0,0,5,999,referred,low
0,0,2,999,adviser says has not attended class in weeks today,high
0,1,4,999,note: needs help organizing their schedule,low
1,1,6,36,adviser says caught cheating multiple times,high
1,1,0,10,needs help organizing their schedule.,low
0,1,6,999,"seems a little quiet lately, nothing alarming.",low
1,0,5,18,very aggressive behavior toward peers (referred by adviser),high
2,0,6,43,reported that the student asked for study tips before midterms,moderate
0,1,1,999,"during my class today, student seems fine, following up anyway (referred by adviser)",low
2,2,1,47,reported that the student missed several classes this month.,moderate
2,0,4,21,arrived late three times this week,moderate
2,0,6,5,adviser says repeated peer conflict escalation,high
5,0,6,42,"during my class today, asked for study tips before midtersm (referred by adviser)",moderate
3,1,2,77,did not submit the last two assignments,high
3,0,3,90,"reported that the student talked back to me during class, please advise",high
3,0,1,25,distracted and unprepared for the quiz.,high
3,1,4,67,n/a,high
1,2,5,12,reported that the student wants to know about college applications,moderate
1,1,5,25,endorsed to guidance office,moderate
4,2,1,33,genearl counseling requested,moderate
1,1,6,59,per adviser,high
2,2,1,130,reported that the student brief chat about time management - needs follow up,moderate
3,0,2,96,endorsed to guidance office,high
0,1,3,999,reported that the student minor misunderstanding with a classmate today,low
0,0,3,999,verbally abusive toward a classmate,moderate
3,0,5,87,"asked about shifting courses, please advsie",moderate
1,0,4,12,reported that the student requested guidance on enrollment (referred by adviser),low
1,1,0,96,reported that the student general counseling requested,low
1,1,1,24,reported that the student lack of focus throughout the period,moderate
3,0,3,7,wanted someone to talk to about stress,high
3,0,4,67,requested guidance on enrollment,low
2,1,3,59,"during my calss today, needs help organizing their schedule - needs follow up",moderate
1,0,2,129,"per my observation, first time observation, nothing serious, please advise",low
1,0,0,36,adviser says verbally abusive toward a classmate,moderate
1,0,5,21,"shouted at the instructor and walked out, please advise",high
1,0,2,118,"punched a classmate in the face during my class, please advise",moderate
1,0,3,6,arrived late three times this week - needs follow up,moderate
0,1,2,999,arrived late three times this week (referred by adviser),moderate
3,0,1,48,"depressed and isolated, refuses to speak.",high
0,2,1,999,"first time observation, nothing seirous",low
0,2,0,999,"per my observation, multiple behavioral incidents reported this month",moderate
3,0,5,67,"during my class today, curious about scholarship requirements.",moderate
2,3,1,24,family problems causing severe distress today,high
1,1,1,104,family issues appear to be affecting grades,moderate
2,2,6,6,reported that the student vandalized school property,high
3,0,2,21,as discussed,high
0,2,3,999,"during my class today, incomplete requirements for two weeks now (referred by adviser)",moderate
2,1,2,71,per adviser,high
1,0,1,6,lack of focus throughout the period.,moderate
1,0,0,125,asked for career advice today,low
1,1,6,30,reported thta the student missed several classes this month today,moderate
1,1,2,166,note: plagiraised the entire final paper.,high
0,2,5,999,"during my class today, incomplete requirements for two weeks now - needs follow up",moderate
0,0,6,999,"note: has not attenedd class in weeks, please advise",moderate
3,0,0,92,,low
1,0,4,18,threatened another student after class,high
1,2,1,63,reported that the student wants to know about college applications today,moderate
4,1,2,49,physically shoved another student in the hallway,high
0,0,5,999,per adviser,moderate
0,0,0,999,"plagiarised the entire final paper, please advise",low
3,0,6,3,"during my class today, did not submit the last two assignments (referred by adviser)",high
3,1,3,104,note: avoiding classmates during activities,moderate
0,1,2,999,reported that the student verbally abusive toward a classmate,high
0,1,0,999,adviser says frequently late to class,low
2,1,3,65,per adviser,high
1,0,2,164,keeps using phone despite reminders (referred by adviser),moderate
1,0,1,48,"student seems fine, following up anyway, please advise",low
0,1,2,999,adviser says has not attended class in weeks.,high
2,0,0,76,adviser says wanted someone to talk to about stress - needs follow up,low
0,1,6,999,wants to know about college applications,low
1,1,1,58,talked back to me during class (referred by adviser),high
0,0,2,999,asked about shifting courses,low
0,2,5,999,note: threatened another student after class,high
3,0,5,16,follow up,high
3,1,6,4,note: askd about joining an organization today,high
